param_perturbed_5_percent_2100yr,Population_Dynamics1.Pop_65plus.Integrator1.y,Human_Fertility1.Perc_Life_Expectancy.Smooth1.Integrator1.y,Land_Fertility1.Yield_Tech_LYTD.Integrator1.y,Human_Fertility1.Fert_Cont_Facil_PC.Smooth3.Integrator1.y,Pollution_Dynamics1.P_PPoll_Gen_Fact_2.Smooth3.Integrator1.y,Pollution_Dynamics1.P_PPoll_Gen_Fact_2.Smooth1.Integrator1.y,Arable_Land_Dynamics1.Urban_Ind_Land.Integrator1.y,Human_Fertility1.Del_Ind_Out_PC.Smooth3.Integrator1.y,Human_Fertility1.Perc_Life_Expectancy.Smooth3.Integrator1.y,Human_Fertility1.Del_Ind_Out_PC.Smooth1.Integrator1.y,Population_Dynamics1.Pop_15_44.Integrator1.y,NR_Resource_Utilization1.P_Nr_Res_Use_Fact_2.Smooth3.Integrator1.y,Pollution_Dynamics1.Pers_Pollution.Integrator1.y,Life_Expectancy1.Eff_Hlth_Serv_PC.Smooth_of_Input.Integrator1.y,NR_Resource_Utilization1.P_Nr_Res_Use_Fact_2.Smooth2.Integrator1.y,Food_Production1.P_Land_Yield_Fact_2.Smooth2.Integrator1.y,Human_Fertility1.Fert_Cont_Facil_PC.Smooth2.Integrator1.y,Land_Fertility1.Land_Fertility.Integrator1.y,Food_Production1.Perc_Food_Ratio.Integrator1.y,Food_Production1.Agr_Inp.Integrator1.y,Food_Production1.P_Land_Yield_Fact_2.Smooth3.Integrator1.y,Pollution_Dynamics1.PPoll_Appear_Rate.Smooth1.Integrator1.y,NR_Resource_Utilization1.NR_Resources.Integrator1.y,Arable_Land_Dynamics1.Arable_Land.Integrator1.y,Human_Fertility1.Perc_Life_Expectancy.Smooth2.Integrator1.y,Human_Fertility1.Fert_Cont_Facil_PC.Smooth1.Integrator1.y,Pollution_Dynamics1.PPoll_Appear_Rate.Smooth3.Integrator1.y,Population_Dynamics1.Pop_0_14.Integrator1.y,Pollution_Dynamics1.PPoll_Tech_PTD.Integrator1.y,Labor_Utilization1.Labor_Util_Fr_Del.Integrator1.y,Industrial_Investment1.Industrial_Capital.Integrator1.y,Human_Fertility1.Avg_Ind_Out_PC.Smooth_of_Input.Integrator1.y,NR_Resource_Utilization1.Res_Tech_NRTD.Integrator1.y,Population_Dynamics1.Pop_45_64.Integrator1.y,Service_Sector_Investment1.Service_Capital.Integrator1.y,Arable_Land_Dynamics1.Pot_Arable_Land.Integrator1.y,Pollution_Dynamics1.P_PPoll_Gen_Fact_2.Smooth2.Integrator1.y,Food_Production1.P_Land_Yield_Fact_2.Smooth1.Integrator1.y,NR_Resource_Utilization1.P_Nr_Res_Use_Fact_2.Smooth1.Integrator1.y,Pollution_Dynamics1.PPoll_Appear_Rate.Smooth2.Integrator1.y,Human_Fertility1.Del_Ind_Out_PC.Smooth2.Integrator1.y
agr_inp_init,-0.000592803018093,-0.000164489118252,0.0,-0.00170697705406,-2.00950367466e-14,0.0,1.29421054254e-05,-0.000938792323971,-0.000309382582208,-0.000942493106125,-0.000236102484319,-2.00950367466e-14,-0.00128868146737,-0.000655570561955,-1.44328993202e-15,-1.44328993202e-15,-0.00161716157492,0.000164440480377,3.82805611171e-05,-0.00136385025184,-2.00950367466e-14,-0.00129483227745,-4.07703015285e-05,-1.42492998559e-05,-0.00023987425465,-0.00142575983912,-0.00122590147094,-0.000109974723377,0.0,0.000118821570274,-0.0011624009261,-0.000949181573772,0.0,-0.000405144758627,-0.000918367958094,-8.30875934881e-05,-1.44328993202e-15,0.0,0.0,-0.00126787113733,-0.00093665846085
agr_mtl_toxic_index,-0.00417580611493,0.00427971780216,0.0,-0.000499710540921,-5.55111512338e-15,1.11022302463e-16,-0.000984130523283,0.00763999168764,0.000295836312621,0.00793791386733,-0.00350793516283,-5.55111512338e-15,0.0405470088637,0.00421392814765,-5.55111512314e-16,-5.55111512314e-16,0.00506060136775,-0.00557954476281,0.00337947459232,0.00151562275057,-5.55111512338e-15,0.0356996433305,0.00382794168988,0.00784035977944,0.00259716556792,0.0115500992136,0.0378128434692,-0.00208825169582,0.0,0.00844909333898,-0.00103580493569,0.00777546373401,0.0,-0.00355481985168,-0.000976245664229,-0.00159225673905,-5.55111512314e-16,1.11022302463e-16,1.11022302463e-16,0.0367451417372,0.00799520033518
arable_land_init,-0.0186768558778,-0.00417403875766,0.0,-0.0699524831265,-3.44169137649e-15,-1.11022302463e-16,0.00828155999115,-0.0472300722286,-0.0127763336208,-0.0514260332579,-0.00490666487542,-3.44169137649e-15,-0.0581724146354,-0.0300780148219,-4.44089209851e-16,-4.44089209851e-16,-0.0663015482661,0.00778056067134,0.0071234291285,-0.0724243935675,-3.44169137649e-15,-0.0642666620714,-0.00777234416745,0.0193021433383,-0.00850222369155,-0.0571199212749,-0.0560932247313,0.000643646334791,0.0,0.017913291319,-0.0491676425251,-0.0530697671316,0.0,-0.0113047692101,-0.040054807734,0.018629302168,-4.44089209851e-16,-1.11022302463e-16,-1.11022302463e-16,-0.0603030320947,-0.0490776058968
assim_half_life_1970,-0.00718245848201,0.00926761547486,0.0,0.000180926058844,-8.54871729e-15,0.0,-0.00194381755064,0.0154012482195,0.00176009386972,0.0154670790921,-0.00634215957576,-8.54871729e-15,0.0695642319454,0.00839647664257,-4.44089209851e-16,-4.44089209851e-16,0.0120008775951,-0.00945489348099,0.00724038748393,0.00258344522611,-8.54871729e-15,0.00472919381725,0.00753928077246,0.015083335087,0.00624004409308,0.0250090810819,0.00785221953669,-0.00355030115118,0.0,0.0160967871438,-0.00175971563349,0.0150088650472,0.0,-0.00621820248549,-0.00178260269491,-0.00323290652591,-4.44089209851e-16,0.0,0.0,0.00595606325625,0.0158408098784
avg_life_land_norm,0.00381038563686,0.00362520749789,0.0,-0.00685600742461,-4.4408920987e-16,1.11022302463e-16,0.00379662888441,-0.0131709816807,0.000506787692605,-0.0169536155125,0.00332232799592,-4.4408920987e-16,-0.0148954209094,-0.0071544992997,-1.11022302463e-16,-1.11022302463e-16,-0.00572153288056,0.00264977658809,0.00739200645813,-0.0253810013236,-4.4408920987e-16,-0.019375793564,-0.00530981349578,0.021767567845,0.00201818609384,-0.00226633993915,-0.0146090808621,0.00457787718333,0.0,0.0152323541981,-0.00807780089952,-0.0183247385806,0.0,0.00361301372046,-0.00773102919822,0.0182694835355,-1.11022302463e-16,1.11022302463e-16,1.11022302463e-16,-0.0168506567425,-0.0149229031637
des_compl_fam_size_norm,0.0114910997213,-0.0770000577066,0.0,-0.235038263846,-1.99840144442e-14,-1.11022302463e-16,0.0107976896499,0.0379760630552,-0.0799598391078,0.0461855119979,0.115478459037,-1.99840144442e-14,0.212780325347,0.0017170037235,-1.66533453694e-15,-1.66533453694e-15,-0.253986052595,-0.0397429895283,-0.0655072115785,0.247554066857,-1.99840144442e-14,0.212937257846,0.0332522119957,0.0112338053465,-0.0786477362179,-0.289712684068,0.199789518502,0.148550332914,0.0,-0.0817848359958,0.110352579508,0.0492940279328,0.0,0.0645520999623,0.140298323257,-0.0490906802743,-1.66533453694e-15,-1.11022302463e-16,-1.11022302463e-16,0.20667376331,0.0418629754619
des_food_ratio_dfr,0.0,0.0,0.0,0.0,0.0,0.0,0.0,0.0,0.0,0.0,0.0,0.0,0.0,0.0,0.0,0.0,0.0,0.0,0.0,0.0,0.0,0.0,0.0,0.0,0.0,0.0,0.0,0.0,0.0,0.0,0.0,0.0,0.0,0.0,0.0,0.0,0.0,0.0,0.0,0.0,0.0
des_ppoll_index_DPOLX,0.0,0.0,0.0,0.0,0.0,0.0,0.0,0.0,0.0,0.0,0.0,0.0,0.0,0.0,0.0,0.0,0.0,0.0,0.0,0.0,0.0,0.0,0.0,0.0,0.0,0.0,0.0,0.0,0.0,0.0,0.0,0.0,0.0,0.0,0.0,0.0,0.0,0.0,0.0,0.0,0.0
des_res_use_rt_DNRUR,0.0,0.0,0.0,0.0,0.0,0.0,0.0,0.0,0.0,0.0,0.0,0.0,0.0,0.0,0.0,0.0,0.0,0.0,0.0,0.0,0.0,0.0,0.0,0.0,0.0,0.0,0.0,0.0,0.0,0.0,0.0,0.0,0.0,0.0,0.0,0.0,0.0,0.0,0.0,0.0,0.0
food_short_perc_del,-7.26046233694e-06,-0.000192208664573,0.0,3.09832869988e-05,-2.22044604935e-16,1.11022302463e-16,2.02379396616e-05,-0.00015837229782,-8.38017783228e-05,-0.000167420270151,3.07388281867e-06,-2.22044604935e-16,-8.38221065286e-05,-5.39659410164e-05,-2.22044604926e-16,-2.22044604926e-16,-0.000179100556236,2.42007564042e-06,-0.000377320335894,8.78422892264e-06,-2.22044604935e-16,-3.2567526888e-05,-0.000151247757639,-0.00029182740972,-0.000149078703884,-0.000409569870747,-7.05624362603e-05,-5.35352069706e-05,0.0,-0.000215009800024,4.24862304964e-05,-0.000162278790524,0.0,-6.8411501113e-06,8.27788900212e-06,0.000157241350739,-2.22044604926e-16,1.11022302463e-16,1.11022302463e-16,-4.28317915428e-05,-0.000169337999727
fr_agr_inp_pers_mtl,-0.00417844770521,0.00427842401565,0.0,-0.000504075750351,1.11022302468e-16,0.0,-0.000988051218286,0.00764406329882,0.000295935393655,0.00794403049439,-0.00351093329811,1.11022302468e-16,0.0405492013143,0.0042140282165,-1.11022302463e-16,-1.11022302463e-16,0.0050583867202,-0.00557937222814,0.00338209931171,0.00151749090264,1.11022302468e-16,0.0357016416749,0.00382847684032,0.00783988402211,0.0025982866161,0.0115491828442,0.0378147813165,-0.00209173119778,0.0,0.00845656748978,-0.00103260858116,0.00778172272865,0.0,-0.00355786712464,-0.000975204606803,-0.00159097022375,-1.11022302463e-16,0.0,0.0,0.0367468663848,0.00800052630803
frac_res_pers_mtl,-0.000558696458429,0.00506628731837,0.0,0.00204654466261,-7.99360577766e-15,0.0,-0.00113029295432,0.00676095444497,0.0022810827255,0.00677984039087,-0.00106265693381,-7.99360577766e-15,0.0218602536926,0.00329749490839,-6.66133814777e-16,-6.66133814777e-16,0.00762088298893,-0.00277222908443,0.00424932227382,0.00192671570492,-7.99360577766e-15,0.019861538375,0.00385929567709,0.00834455334011,0.00405096549147,0.0133169395744,0.0203491351934,0.000166494601848,0.0,0.00697091659683,0.000376961269653,0.00659536528492,0.0,-0.000640226143798,0.000553794494074,-0.00159026246722,-6.66133814777e-16,0.0,0.0,0.019737753051,0.0069365942765
hlth_serv_impact_del,0.00510682627756,0.00406607569005,0.0,0.088674677467,1.11022302468e-16,1.11022302463e-16,-3.33687274974e-05,-0.00441582044543,0.00238554827245,-0.00506381654039,0.0016035236899,1.11022302468e-16,-0.00293970108675,0.0262310606038,-1.11022302463e-16,-1.11022302463e-16,0.0633907498745,4.12736014628e-05,-0.00208697790444,-0.00230969470008,1.11022302468e-16,-0.00283088471689,-7.27833577425e-06,0.000122298063375,0.00339498478451,0.0336226619291,-0.00277737710881,-0.000703325647767,0.0,-0.00282744507551,-0.00386101953446,-0.00529311937029,0.0,0.00379876082176,-0.00197026817772,0.000354235729387,-1.11022302463e-16,1.11022302463e-16,1.11022302463e-16,-0.00280867320066,-0.00473661184765
income_expect_avg_time,0.00785761912751,0.00283694187214,0.0,0.0214233815799,-5.32907051844e-15,-2.22044604925e-16,0.00109031776449,0.0114175651917,0.00138525189687,0.0149837618325,0.00201914503718,-5.32907051844e-15,0.0185450443626,0.00526327964305,-6.66133814777e-16,-6.66133814777e-16,0.0272381228226,-0.00224706357871,0.00173946781744,0.0185839382788,-5.32907051844e-15,0.0181696220893,0.00253686621094,0.00114993655903,0.00218910326228,0.0338297502184,0.0175416866318,-0.00281605942562,0.0,-0.000666627855433,0.0148975472767,0.0219780743768,0.0,0.00550500604618,0.0123704669323,-0.00664441395907,-6.66133814777e-16,-2.22044604925e-16,-2.22044604925e-16,0.0178829146647,0.0132077651686
ind_mtl_emiss_fact,-0.000558696458429,0.00506628731837,0.0,0.00204654466261,-7.99360577766e-15,0.0,-0.00113029295432,0.00676095444497,0.0022810827255,0.00677984039087,-0.00106265693381,-7.99360577766e-15,0.0218602536926,0.00329749490839,-6.66133814777e-16,-6.66133814777e-16,0.00762088298893,-0.00277222908443,0.00424932227382,0.00192671570492,-7.99360577766e-15,0.019861538375,0.00385929567709,0.00834455334011,0.00405096549147,0.0133169395744,0.0203491351934,0.000166494601848,0.0,0.00697091659683,0.000376961269653,0.00659536528492,0.0,-0.000640226143798,0.000553794494074,-0.00159026246722,-6.66133814777e-16,0.0,0.0,0.019737753051,0.0069365942765
ind_mtl_toxic_index,-0.000558696458429,0.00506628731837,0.0,0.00204654466261,-7.99360577766e-15,0.0,-0.00113029295432,0.00676095444497,0.0022810827255,0.00677984039087,-0.00106265693381,-7.99360577766e-15,0.0218602536926,0.00329749490839,-6.66133814777e-16,-6.66133814777e-16,0.00762088298893,-0.00277222908443,0.00424932227382,0.00192671570492,-7.99360577766e-15,0.019861538375,0.00385929567709,0.00834455334011,0.00405096549147,0.0133169395744,0.0203491351934,0.000166494601848,0.0,0.00697091659683,0.000376961269653,0.00659536528492,0.0,-0.000640226143798,0.000553794494074,-0.00159026246722,-6.66133814777e-16,0.0,0.0,0.019737753051,0.0069365942765
ind_out_in_1970,0.0,0.0,0.0,0.0,0.0,0.0,0.0,0.0,0.0,0.0,0.0,0.0,0.0,0.0,0.0,0.0,0.0,0.0,0.0,0.0,0.0,0.0,0.0,0.0,0.0,0.0,0.0,0.0,0.0,0.0,0.0,0.0,0.0,0.0,0.0,0.0,0.0,0.0,0.0,0.0,0.0
ind_out_pc_des,0.0,0.0,0.0,0.0,0.0,0.0,0.0,0.0,0.0,0.0,0.0,0.0,0.0,0.0,0.0,0.0,0.0,0.0,0.0,0.0,0.0,0.0,0.0,0.0,0.0,0.0,0.0,0.0,0.0,0.0,0.0,0.0,0.0,0.0,0.0,0.0,0.0,0.0,0.0,0.0,0.0
industrial_capital_init,-0.0325659720724,-0.00491560992657,0.0,-0.0789722993765,-4.32986979623e-15,-2.22044604925e-16,0.00039011994501,-0.0528504689822,-0.0119164350739,-0.0546172926855,-0.0180664057403,-4.32986979623e-15,-0.0792033530117,-0.0348819980367,-3.33066907389e-16,-3.33066907389e-16,-0.0749442167497,0.0108858177259,0.00528054320302,-0.0848670092627,-4.32986979623e-15,-0.0797697942948,-0.0045129500682,-0.00113020105948,-0.00850991620832,-0.0656148410751,-0.0756318760361,-0.011850461025,0.0,0.0107725787214,-0.0680332845156,-0.055464973496,0.0,-0.0251037912541,-0.0563810698411,0.00273024343596,-3.33066907389e-16,-2.22044604925e-16,-2.22044604925e-16,-0.0780626379949,-0.0535211202735
inherent_land_fert,-0.033490687367,-0.00849051662164,0.0,-0.157172796349,5.55111512338e-16,0.0,0.0262455559155,-0.135247156899,-0.0234983242699,-0.149326273911,-0.00650872419868,5.55111512338e-16,-0.161362984335,-0.0836881369548,1.11022302463e-16,1.11022302463e-16,-0.154303644416,0.074385946829,0.0217375913758,-0.196951079267,5.55111512338e-16,-0.176453760512,-0.0294630305574,-0.00252508618193,-0.0162203379792,-0.140302687593,-0.156346982761,0.00521643829904,0.0,0.00282008954375,-0.127453605783,-0.154108693617,0.0,-0.0195093407713,-0.105374759029,0.0199288738018,1.11022302463e-16,0.0,0.0,-0.166801714427,-0.141991360246
labor_force_partic,-0.000349270575233,-5.56877537087e-05,0.0,-0.000874191864974,8.8817841974e-16,-1.11022302463e-16,-2.60557491707e-06,-0.00056374211765,-0.000134765518782,-0.000580862291115,-0.000186359414475,8.8817841974e-16,-0.000849594489418,-0.00037393195011,1.11022302463e-16,1.11022302463e-16,-0.00083283436544,0.000114215801138,5.10553951467e-05,-0.00091184245795,8.8817841974e-16,-0.000855765995837,-4.68555937433e-05,-9.39815863885e-06,-9.77818122262e-05,-0.000724422160967,-0.000808109643438,-0.000116422531567,0.0,-0.0475150506293,-0.000726968261914,-0.000589661814161,0.0,-0.000265228076295,-0.000600064270613,2.34085410678e-05,1.11022302463e-16,-1.11022302463e-16,-1.11022302463e-16,-0.000836101722434,-0.000569878723894
labor_util_fr_del_init,0.000407763781386,7.78539666051e-05,0.0,0.00103885762193,4.32986979623e-15,1.11022302463e-16,-2.17097721183e-06,0.000660044718563,0.000161835337845,0.000677796588259,0.000211555266489,4.32986979623e-15,0.00098198046693,0.000433575996529,2.22044604926e-16,2.22044604926e-16,0.00099024273153,-0.000131105096925,-5.51828485442e-05,0.00105219674983,4.32986979623e-15,0.000988483875782,5.19615831294e-05,9.45885180711e-06,0.000119076729322,0.000876131405007,0.000934001330474,0.000131953224893,0.0,-0.000125399822573,0.000844535083841,0.000687215772771,0.0,0.000306643789956,0.000693265967602,-2.18303135639e-05,2.22044604926e-16,1.11022302463e-16,1.11022302463e-16,0.000966235717223,0.000666205488505
labor_util_fr_del_time,-6.94037448643e-06,7.60337164981e-06,0.0,-1.49493505057e-05,-3.88578058636e-15,2.22044604925e-16,-2.09405185229e-06,-1.61856967675e-05,-1.9817122386e-06,-1.82615497902e-05,-5.45979460368e-06,-3.88578058636e-15,-2.80044629124e-05,-1.233783066e-05,-2.22044604926e-16,-2.22044604926e-16,-1.48771508906e-05,3.7821822697e-06,3.93455317121e-07,-2.84760289936e-05,-3.88578058636e-15,-2.77094246689e-05,-1.91637308604e-06,-2.85463599737e-06,-8.70942756672e-07,-1.67477616947e-06,-2.6583281992e-05,-1.60186323797e-06,0.0,-0.000569447252605,-2.34104129552e-05,-1.89818469426e-05,0.0,-5.7100642407e-06,-1.99646787862e-05,-2.99503615913e-06,-2.22044604926e-16,2.22044604925e-16,2.22044604925e-16,-2.7309985055e-05,-1.72081677987e-05
land_fertility_init,-0.0167373919493,-0.00683466624267,0.0,-0.0544111506616,-3.66373598143e-15,1.11022302463e-16,0.00126867412438,-0.0260135817715,-0.0113358288725,-0.0253909768941,-0.00423697166642,-3.66373598143e-15,-0.0314318723398,-0.0191705457011,-2.22044604926e-16,-2.22044604926e-16,-0.0513940025895,0.0037150959352,-0.000298320075022,-0.0329727376031,-3.66373598143e-15,-0.0317125704007,-3.14914812828e-05,-0.0001338630487,-0.00910280830086,-0.0458978957812,-0.029973334385,-0.00051373693152,0.0,0.00129527904318,-0.0305659989282,-0.0253368526978,0.0,-0.0100905995533,-0.0228532814717,-0.00586661083979,-2.22044604926e-16,1.11022302463e-16,1.11022302463e-16,-0.0310579064926,-0.025595886825
land_fr_harvested,-0.0358262912645,-0.00976705716085,0.0,-0.165720539475,-6.43929354312e-15,-1.11022302463e-16,0.0265331814454,-0.138950123927,-0.0255341942532,-0.152794402979,-0.0066215816501,-6.43929354312e-15,-0.165029395862,-0.0867334573728,-6.66133814777e-16,-6.66133814777e-16,-0.162237416116,0.023661934464,0.0215683882983,-0.200578585055,-6.43929354312e-15,-0.180096949507,-0.0292381869606,-0.00232393238542,-0.017874403062,-0.147500119322,-0.159925691305,0.00572446383559,0.0,0.00308712784457,-0.131544775741,-0.157520226754,0.0,-0.0206550944664,-0.108170838636,0.0174251892425,-6.66133814777e-16,-1.11022302463e-16,-1.11022302463e-16,-0.170433933224,-0.145563640817
life_expect_norm,0.137180655398,-0.00802845269838,0.0,0.101427228837,9.99200722208e-16,1.11022302463e-16,0.00945381765252,0.14423124829,-0.000606982701939,0.158131793409,0.134106540142,9.99200722208e-16,0.38157366082,0.0661887487768,0.0,0.0,0.111652116083,-0.058808472267,-0.0635190424296,0.427999308487,9.99200722208e-16,0.380400471186,0.0413506625393,0.0101465939967,-0.00396834872548,0.103265807794,0.355327953538,0.122097680843,0.0,-0.0982348684895,0.246186683669,0.162796275468,0.0,0.137723878726,0.25003672421,-0.0522311644848,0.0,1.11022302463e-16,1.11022302463e-16,0.369092517981,0.151150634929
lifet_perc_del,0.00779707379757,0.0010942043461,0.0,0.00842555982512,0.0,0.0,0.00112943095442,0.0122404876508,0.0102807337435,0.0153544522461,0.00727315262978,0.0,0.0261198778671,0.00538661749788,0.0,0.0,0.0116691599868,-0.00384485574024,-0.00209570477587,0.0279343694479,0.0,0.0259249239317,0.00345895284432,0.00133217189911,0.00492838978038,0.0131564807863,0.024740997277,0.0050035614858,0.0,-0.00482654232943,0.0188002547618,0.0163151019543,0.0,0.00804690691551,0.0176366555323,-0.00761552048772,0.0,0.0,0.0,0.0253858673523,0.0137963477879
max_tot_fert_norm,0.037927270317,-0.00494711754092,0.0,0.15114635228,-8.77076189493e-15,0.0,0.00299021972245,0.0643765291326,-0.00142495467283,0.0716111166787,0.0349284416661,-8.77076189493e-15,0.125527202021,0.0347579635331,-6.66133814777e-16,-6.66133814777e-16,0.156323997506,-0.0181549937881,-0.0130953262605,0.136495326401,-8.77076189493e-15,0.125227795545,0.0121214525246,0.00275248871995,-0.00306201903624,0.159560265935,0.11842622766,0.0310808432225,0.0,-0.0237892317215,0.0934859036346,0.0739478567214,0.0,0.0372151199479,0.0849108130852,-0.0210416235617,-6.66133814777e-16,0.0,0.0,0.122231103187,0.0679048261542
nr_resources_init,0.0538750404228,0.0189184527803,0.0,0.137584938876,-6.66133814805e-16,0.0,0.0283791445425,0.10379935912,0.0267174068978,0.114502964969,0.0268223007658,-6.66133814805e-16,0.15169701278,0.0670583519282,-1.11022302463e-16,-1.11022302463e-16,0.14347077862,-0.019660564473,-0.00250553950866,0.170516589501,-6.66133814805e-16,0.154973819799,0.0730985265901,-6.28012503471e-05,0.0238516283506,0.140651079902,0.142806968853,0.0191704436068,0.0,-0.0197163150948,0.118257666519,0.1179359951,0.0,0.0396491497354,0.0995539126121,-0.0450384862166,-1.11022302463e-16,0.0,0.0,0.147897034016,0.109105937675
p_avg_life_agr_inp_1,0.000547400515337,0.00101425482903,0.0,0.00710187970215,-1.92068583269e-14,-1.11022302463e-16,-0.00256437985398,0.00932125958445,0.00195363123686,0.0108232773566,-0.000407960453956,-1.92068583269e-14,0.0107845182376,0.0047812991219,-1.66533453694e-15,-1.66533453694e-15,0.00886926717986,-0.00141825440465,-0.0012354904988,0.0186833664119,-1.92068583269e-14,0.0139163341024,0.00380818271263,-0.00752289421572,0.00173332218965,0.00900947757966,0.0104989328429,-0.000708277103525,0.0,-0.00699504956709,0.00594048820835,0.0113253439605,0.0,5.44388849203e-05,0.0055261382409,0.0377680259827,-1.66533453694e-15,-1.11022302463e-16,-1.11022302463e-16,0.0119649333095,0.0100677379773
p_avg_life_agr_inp_2,0.0,0.0,0.0,0.0,0.0,0.0,0.0,0.0,0.0,0.0,0.0,0.0,0.0,0.0,0.0,0.0,0.0,0.0,0.0,0.0,0.0,0.0,0.0,0.0,0.0,0.0,0.0,0.0,0.0,0.0,0.0,0.0,0.0,0.0,0.0,0.0,0.0,0.0,0.0,0.0,0.0
p_avg_life_ind_cap_1,-0.151339694553,-0.00444580072535,0.0,-0.328291563621,-4.1078251913e-15,0.0,0.0438594892278,-0.260124354773,-0.0443969861951,-0.274530674109,-0.0965955911025,-4.1078251913e-15,-0.361924591081,-0.166675705158,-3.33066907389e-16,-3.33066907389e-16,-0.307791157037,0.0536038249927,0.0396439500235,-0.404876425803,-4.1078251913e-15,-0.379057430228,-0.0956007341668,0.00129522808834,-0.0243899932026,-0.263194075504,-0.356837976573,-0.0680399836471,0.0,0.566855350422,-0.24964265855,-0.281768099415,0.0,-0.123114496227,-0.276760879982,-0.0164307471162,-3.33066907389e-16,0.0,0.0,-0.369619938322,-0.265831941333
p_avg_life_ind_cap_2,0.0,0.0,0.0,0.0,0.0,0.0,0.0,0.0,0.0,0.0,0.0,0.0,0.0,0.0,0.0,0.0,0.0,0.0,0.0,0.0,0.0,0.0,0.0,0.0,0.0,0.0,0.0,0.0,0.0,0.0,0.0,0.0,0.0,0.0,0.0,0.0,0.0,0.0,0.0,0.0,0.0
p_avg_life_serv_cap_1,-0.0272380533024,-0.000771878009147,0.0,-0.0443698544895,6.32827124065e-15,1.11022302463e-16,0.00902434512214,-0.0623738915099,-0.00856543171136,-0.0667358726938,-0.016549697827,6.32827124065e-15,-0.0834435589956,-0.0027142265493,3.33066907389e-16,3.33066907389e-16,-0.0367938668009,0.0103393540083,0.00159141263738,-0.0935419977475,6.32827124065e-15,-0.0879867909581,-0.0168322715764,0.000799450980021,-0.00463283068316,-0.0224600314234,-0.0801919909548,-0.0110140013812,0.0,0.0196462195455,-0.0628012763713,-0.0683844270599,0.0,-0.0216834258753,-0.0187769505453,-0.00541163881937,3.33066907389e-16,1.11022302463e-16,1.11022302463e-16,-0.0845890962906,-0.064363015102
p_avg_life_serv_cap_2,0.0,0.0,0.0,0.0,0.0,0.0,0.0,0.0,0.0,0.0,0.0,0.0,0.0,0.0,0.0,0.0,0.0,0.0,0.0,0.0,0.0,0.0,0.0,0.0,0.0,0.0,0.0,0.0,0.0,0.0,0.0,0.0,0.0,0.0,0.0,0.0,0.0,0.0,0.0,0.0,0.0
p_fioa_cons_const_1,0.787587490793,0.185037585215,0.0,1.77852899046,-2.19824158886e-14,-1.11022302463e-16,-0.0991813902645,1.17438329149,0.287959789294,1.29399564751,0.418636265234,-2.19824158886e-14,2.09925965543,0.552957045318,-1.77635683941e-15,-1.77635683941e-15,2.03944795383,-0.172893535167,0.0156590704263,2.73870010693,-2.19824158886e-14,2.38664865122,0.24248213021,-0.00576993521709,0.242925318401,2.05549686499,1.84856388865,0.257735320488,0.0,-0.096739127309,1.52382084502,1.33447370077,0.0,0.584321147803,1.51210038234,0.0475039617965,-1.77635683941e-15,-1.11022302463e-16,-1.11022302463e-16,2.13307350614,1.23480908772
p_fioa_cons_const_2,0.0,0.0,0.0,0.0,0.0,0.0,0.0,0.0,0.0,0.0,0.0,0.0,0.0,0.0,0.0,0.0,0.0,0.0,0.0,0.0,0.0,0.0,0.0,0.0,0.0,0.0,0.0,0.0,0.0,0.0,0.0,0.0,0.0,0.0,0.0,0.0,0.0,0.0,0.0,0.0,0.0
p_fr_cap_al_obt_res_2[1],0.0,0.0,0.0,0.0,0.0,0.0,0.0,0.0,0.0,0.0,0.0,0.0,0.0,0.0,0.0,0.0,0.0,0.0,0.0,0.0,0.0,0.0,0.0,0.0,0.0,0.0,0.0,0.0,0.0,0.0,0.0,0.0,0.0,0.0,0.0,0.0,0.0,0.0,0.0,0.0,0.0
p_fr_cap_al_obt_res_2[2],0.0,0.0,0.0,0.0,0.0,0.0,0.0,0.0,0.0,0.0,0.0,0.0,0.0,0.0,0.0,0.0,0.0,0.0,0.0,0.0,0.0,0.0,0.0,0.0,0.0,0.0,0.0,0.0,0.0,0.0,0.0,0.0,0.0,0.0,0.0,0.0,0.0,0.0,0.0,0.0,0.0
p_fr_cap_al_obt_res_2[3],0.0,0.0,0.0,0.0,0.0,0.0,0.0,0.0,0.0,0.0,0.0,0.0,0.0,0.0,0.0,0.0,0.0,0.0,0.0,0.0,0.0,0.0,0.0,0.0,0.0,0.0,0.0,0.0,0.0,0.0,0.0,0.0,0.0,0.0,0.0,0.0,0.0,0.0,0.0,0.0,0.0
p_fr_cap_al_obt_res_2[4],0.0,0.0,0.0,0.0,0.0,0.0,0.0,0.0,0.0,0.0,0.0,0.0,0.0,0.0,0.0,0.0,0.0,0.0,0.0,0.0,0.0,0.0,0.0,0.0,0.0,0.0,0.0,0.0,0.0,0.0,0.0,0.0,0.0,0.0,0.0,0.0,0.0,0.0,0.0,0.0,0.0
p_fr_cap_al_obt_res_2[5],0.0,0.0,0.0,0.0,0.0,0.0,0.0,0.0,0.0,0.0,0.0,0.0,0.0,0.0,0.0,0.0,0.0,0.0,0.0,0.0,0.0,0.0,0.0,0.0,0.0,0.0,0.0,0.0,0.0,0.0,0.0,0.0,0.0,0.0,0.0,0.0,0.0,0.0,0.0,0.0,0.0
p_fr_cap_al_obt_res_2[6],0.0,0.0,0.0,0.0,0.0,0.0,0.0,0.0,0.0,0.0,0.0,0.0,0.0,0.0,0.0,0.0,0.0,0.0,0.0,0.0,0.0,0.0,0.0,0.0,0.0,0.0,0.0,0.0,0.0,0.0,0.0,0.0,0.0,0.0,0.0,0.0,0.0,0.0,0.0,0.0,0.0
p_fr_cap_al_obt_res_2[7],0.0,0.0,0.0,0.0,0.0,0.0,0.0,0.0,0.0,0.0,0.0,0.0,0.0,0.0,0.0,0.0,0.0,0.0,0.0,0.0,0.0,0.0,0.0,0.0,0.0,0.0,0.0,0.0,0.0,0.0,0.0,0.0,0.0,0.0,0.0,0.0,0.0,0.0,0.0,0.0,0.0
p_fr_cap_al_obt_res_2[8],0.0,0.0,0.0,0.0,0.0,0.0,0.0,0.0,0.0,0.0,0.0,0.0,0.0,0.0,0.0,0.0,0.0,0.0,0.0,0.0,0.0,0.0,0.0,0.0,0.0,0.0,0.0,0.0,0.0,0.0,0.0,0.0,0.0,0.0,0.0,0.0,0.0,0.0,0.0,0.0,0.0
p_fr_cap_al_obt_res_2[9],0.0,0.0,0.0,0.0,0.0,0.0,0.0,0.0,0.0,0.0,0.0,0.0,0.0,0.0,0.0,0.0,0.0,0.0,0.0,0.0,0.0,0.0,0.0,0.0,0.0,0.0,0.0,0.0,0.0,0.0,0.0,0.0,0.0,0.0,0.0,0.0,0.0,0.0,0.0,0.0,0.0
p_fr_cap_al_obt_res_2[10],0.0,0.0,0.0,0.0,0.0,0.0,0.0,0.0,0.0,0.0,0.0,0.0,0.0,0.0,0.0,0.0,0.0,0.0,0.0,0.0,0.0,0.0,0.0,0.0,0.0,0.0,0.0,0.0,0.0,0.0,0.0,0.0,0.0,0.0,0.0,0.0,0.0,0.0,0.0,0.0,0.0
p_fr_cap_al_obt_res_2[11],0.0,0.0,0.0,0.0,0.0,0.0,0.0,0.0,0.0,0.0,0.0,0.0,0.0,0.0,0.0,0.0,0.0,0.0,0.0,0.0,0.0,0.0,0.0,0.0,0.0,0.0,0.0,0.0,0.0,0.0,0.0,0.0,0.0,0.0,0.0,0.0,0.0,0.0,0.0,0.0,0.0
p_ind_cap_out_ratio_1,0.5521773209,0.118955417757,0.0,1.30447363643,-1.33226762961e-15,1.11022302463e-16,-0.0669207792724,0.832528207236,0.204524499985,0.900718967032,0.296674436386,-1.33226762961e-15,1.43841012558,0.422726147364,-2.22044604926e-16,-2.22044604926e-16,1.40754798982,-0.135398953256,-0.00950085711922,1.78767761027,-1.33226762961e-15,1.58451371978,0.161389255447,-0.00173922745436,0.164368762977,1.35547377269,1.29571268801,0.182296045034,0.0,-0.0792441808878,1.17322723889,0.925948076073,0.0,0.415814152653,1.0223685437,0.0222398911635,-2.22044604926e-16,1.11022302463e-16,1.11022302463e-16,1.45095151916,0.865183623424
p_land_yield_fact_1,-0.0572860396289,-0.0234887984417,0.0,-0.157764190793,2.33146835182e-15,0.0,0.01329209365,-0.0993629264401,-0.031296702316,-0.100912000995,-0.0235443121117,2.33146835182e-15,-0.125901549903,-0.0654007033916,1.11022302463e-16,1.11022302463e-16,-0.15694437842,0.0154643664084,-0.00502812100618,-0.130512688396,2.33146835182e-15,-0.127562575326,-0.00955328712808,-0.077508153041,-0.0275856208713,-0.15061274021,-0.120778746976,-0.014188920437,0.0,-0.0461821773433,-0.113925078863,-0.101377339445,0.0,-0.0398500297025,-0.0906719579108,-0.0323039527502,1.11022302463e-16,0.0,0.0,-0.12523713425,-0.100147357241
p_nr_res_use_fact_1,-0.0569040382518,-0.016429398959,0.0,-0.12485940208,1.22124532714e-15,0.0,-0.0279880428211,-0.0912768578547,-0.0273462816032,-0.0997349316398,-0.0318713753087,1.22124532714e-15,-0.127222292897,-0.0591544690958,2.22044604926e-16,2.22044604926e-16,-0.126464173837,0.016469889158,0.00116743603763,-0.146254050967,1.22124532714e-15,-0.134972969755,-0.0200989583732,-0.011254276464,-0.0228546895626,-0.119314663854,-0.122244645283,-0.024770659807,0.0,0.0143558787583,-0.10994643615,-0.102578238059,0.0,-0.0435979026582,-0.093173091696,0.116810135999,2.22044604926e-16,0.0,0.0,-0.128272868356,-0.095378612511
p_ppoll_gen_fact_1,-0.00501968043699,0.0100301446433,0.0,0.00205585364348,-1.58761892529e-14,1.11022302463e-16,-0.00214554352709,0.0155178808575,0.00318673458104,0.0154730652456,-0.00494387994263,-1.58761892529e-14,0.0627114342435,0.00817333051612,-1.33226762955e-15,-1.33226762955e-15,0.0142129970497,-0.00828000833179,0.00795786705092,0.00337215370593,-1.58761892529e-14,0.0555956269076,0.00791551281385,0.0161275052253,0.00739268447916,0.027032297124,0.0583056330973,-0.00221730524269,0.0,0.0157525716017,-0.000730081179153,0.0150184221298,0.0,-0.00450140283138,-0.000666588710219,-0.00335995439527,-1.33226762955e-15,1.11022302463e-16,1.11022302463e-16,0.0565113893729,0.0158803856455
p_ppoll_tech_chg_mlt[1],0.0,0.0,0.0,0.0,0.0,0.0,0.0,0.0,0.0,0.0,0.0,0.0,0.0,0.0,0.0,0.0,0.0,0.0,0.0,0.0,0.0,0.0,0.0,0.0,0.0,0.0,0.0,0.0,0.0,0.0,0.0,0.0,0.0,0.0,0.0,0.0,0.0,0.0,0.0,0.0,0.0
p_ppoll_tech_chg_mlt[2],0.0,0.0,0.0,0.0,0.0,0.0,0.0,0.0,0.0,0.0,0.0,0.0,0.0,0.0,0.0,0.0,0.0,0.0,0.0,0.0,0.0,0.0,0.0,0.0,0.0,0.0,0.0,0.0,0.0,0.0,0.0,0.0,0.0,0.0,0.0,0.0,0.0,0.0,0.0,0.0,0.0
p_ppoll_tech_chg_mlt[3],0.0,0.0,0.0,0.0,0.0,0.0,0.0,0.0,0.0,0.0,0.0,0.0,0.0,0.0,0.0,0.0,0.0,0.0,0.0,0.0,0.0,0.0,0.0,0.0,0.0,0.0,0.0,0.0,0.0,0.0,0.0,0.0,0.0,0.0,0.0,0.0,0.0,0.0,0.0,0.0,0.0
p_ppoll_tech_chg_mlt[4],0.0,0.0,0.0,0.0,0.0,0.0,0.0,0.0,0.0,0.0,0.0,0.0,0.0,0.0,0.0,0.0,0.0,0.0,0.0,0.0,0.0,0.0,0.0,0.0,0.0,0.0,0.0,0.0,0.0,0.0,0.0,0.0,0.0,0.0,0.0,0.0,0.0,0.0,0.0,0.0,0.0
p_res_tech_chg_mlt[1],0.0,0.0,0.0,0.0,0.0,0.0,0.0,0.0,0.0,0.0,0.0,0.0,0.0,0.0,0.0,0.0,0.0,0.0,0.0,0.0,0.0,0.0,0.0,0.0,0.0,0.0,0.0,0.0,0.0,0.0,0.0,0.0,0.0,0.0,0.0,0.0,0.0,0.0,0.0,0.0,0.0
p_res_tech_chg_mlt[2],0.0,0.0,0.0,0.0,0.0,0.0,0.0,0.0,0.0,0.0,0.0,0.0,0.0,0.0,0.0,0.0,0.0,0.0,0.0,0.0,0.0,0.0,0.0,0.0,0.0,0.0,0.0,0.0,0.0,0.0,0.0,0.0,0.0,0.0,0.0,0.0,0.0,0.0,0.0,0.0,0.0
p_res_tech_chg_mlt[3],0.0,0.0,0.0,0.0,0.0,0.0,0.0,0.0,0.0,0.0,0.0,0.0,0.0,0.0,0.0,0.0,0.0,0.0,0.0,0.0,0.0,0.0,0.0,0.0,0.0,0.0,0.0,0.0,0.0,0.0,0.0,0.0,0.0,0.0,0.0,0.0,0.0,0.0,0.0,0.0,0.0
p_res_tech_chg_mlt[4],0.0,0.0,0.0,0.0,0.0,0.0,0.0,0.0,0.0,0.0,0.0,0.0,0.0,0.0,0.0,0.0,0.0,0.0,0.0,0.0,0.0,0.0,0.0,0.0,0.0,0.0,0.0,0.0,0.0,0.0,0.0,0.0,0.0,0.0,0.0,0.0,0.0,0.0,0.0,0.0,0.0
p_serv_cap_out_ratio_1,0.0792244663308,0.0128380918344,0.0,0.17456295158,4.32986979623e-15,-1.11022302463e-16,-0.0147276081917,0.1362737923,0.0297355353297,0.146507248733,0.0459197235199,4.32986979623e-15,0.19881441528,0.0635730059838,2.22044604926e-16,2.22044604926e-16,0.174038465953,-0.0237035952416,-0.00758554539779,0.2361938061,4.32986979623e-15,0.215723907017,0.0232758045745,-0.00136976057427,0.0214518169006,0.155999311212,0.189074845629,0.0315376961273,0.0,-0.0225531054148,0.169548143774,0.150399263092,0.0,0.0619659428292,0.19087205247,0.00805988372266,2.22044604926e-16,-1.11022302463e-16,-1.11022302463e-16,0.203438709754,0.140944540965
p_serv_cap_out_ratio_2,0.0,0.0,0.0,0.0,0.0,0.0,0.0,0.0,0.0,0.0,0.0,0.0,0.0,0.0,0.0,0.0,0.0,0.0,0.0,0.0,0.0,0.0,0.0,0.0,0.0,0.0,0.0,0.0,0.0,0.0,0.0,0.0,0.0,0.0,0.0,0.0,0.0,0.0,0.0,0.0,0.0
p_yield_tech_chg_mlt[1],0.0,0.0,0.0,0.0,0.0,0.0,0.0,0.0,0.0,0.0,0.0,0.0,0.0,0.0,0.0,0.0,0.0,0.0,0.0,0.0,0.0,0.0,0.0,0.0,0.0,0.0,0.0,0.0,0.0,0.0,0.0,0.0,0.0,0.0,0.0,0.0,0.0,0.0,0.0,0.0,0.0
p_yield_tech_chg_mlt[2],0.0,0.0,0.0,0.0,0.0,0.0,0.0,0.0,0.0,0.0,0.0,0.0,0.0,0.0,0.0,0.0,0.0,0.0,0.0,0.0,0.0,0.0,0.0,0.0,0.0,0.0,0.0,0.0,0.0,0.0,0.0,0.0,0.0,0.0,0.0,0.0,0.0,0.0,0.0,0.0,0.0
p_yield_tech_chg_mlt[3],0.0,0.0,0.0,0.0,0.0,0.0,0.0,0.0,0.0,0.0,0.0,0.0,0.0,0.0,0.0,0.0,0.0,0.0,0.0,0.0,0.0,0.0,0.0,0.0,0.0,0.0,0.0,0.0,0.0,0.0,0.0,0.0,0.0,0.0,0.0,0.0,0.0,0.0,0.0,0.0,0.0
p_yield_tech_chg_mlt[4],0.0,0.0,0.0,0.0,0.0,0.0,0.0,0.0,0.0,0.0,0.0,0.0,0.0,0.0,0.0,0.0,0.0,0.0,0.0,0.0,0.0,0.0,0.0,0.0,0.0,0.0,0.0,0.0,0.0,0.0,0.0,0.0,0.0,0.0,0.0,0.0,0.0,0.0,0.0,0.0,0.0
perc_food_ratio_init,2.00077325111e-05,3.29288099084e-06,0.0,6.51500126963e-05,-2.66453525922e-14,-1.11022302463e-16,3.49873890337e-07,3.32862070904e-05,1.16618901198e-05,3.27278425363e-05,7.91563334582e-06,-2.66453525922e-14,4.36217922898e-05,2.14956577752e-05,-1.88737914187e-15,-1.88737914187e-15,6.10279861034e-05,-5.48455354191e-06,-1.52926325353e-06,4.77827255487e-05,-2.66453525922e-14,4.50461430524e-05,1.83383844265e-06,-6.14103481541e-07,8.45218302061e-06,4.73270828277e-05,4.16700241927e-05,2.10993185898e-06,0.0,-8.83427393383e-06,3.99891177149e-05,3.3123389472e-05,0.0,1.37023365348e-05,3.17067185818e-05,3.09275503924e-06,-1.88737914187e-15,-1.11022302463e-16,-1.11022302463e-16,4.36258963372e-05,3.2678599735e-05
pers_pollution_init,1.07796773981e-05,9.78471477617e-06,0.0,5.03974169095e-05,-2.55351295675e-15,-1.11022302463e-16,-1.53234069648e-06,1.4603570326e-05,1.19281989397e-05,1.22969241329e-05,-2.2174688738e-06,-2.55351295675e-15,7.41958953083e-06,8.61136223995e-06,-2.22044604926e-16,-2.22044604926e-16,4.68920864857e-05,1.26234913758e-07,4.18998202738e-06,7.16794648259e-06,-2.55351295675e-15,8.19241609501e-06,-2.29666064575e-06,9.70022330748e-07,9.96557648681e-06,4.34343413742e-05,7.18682385535e-06,-4.74189996066e-06,0.0,3.49367599383e-06,1.36461600848e-05,1.18180105657e-05,0.0,3.98236767222e-06,7.00075544557e-06,1.03245725578e-05,-2.22044604926e-16,-1.11022302463e-16,-1.11022302463e-16,7.81695159364e-06,1.33208534828e-05
pop1_init,0.0127413308832,-0.000674141253242,0.0,0.0215231529086,-1.28785870862e-14,1.11022302463e-16,0.000479784766779,0.0209878174476,0.00115327594,0.0226789754895,0.0104131564436,-1.28785870862e-14,0.0377483296704,0.0121818574088,-7.7715611724e-16,-7.7715611724e-16,0.0208522528145,-0.00541999605028,-0.00375670564322,0.0410478381437,-1.28785870862e-14,0.0379531487746,0.00324901223951,0.000857881734533,0.000223274165606,0.0180216382907,0.0358178015079,0.00834758142406,0.0,-0.0069255555672,0.0295489298672,0.0233294977633,0.0,0.0117119243388,0.0261821475539,-0.00522088709308,-7.7715611724e-16,1.11022302463e-16,1.11022302463e-16,0.0370388481143,0.0217508552279
pop2_init,0.0244287730807,-0.00145671446223,0.0,0.0404491411496,-8.65973959247e-15,-1.11022302463e-16,0.000951015966901,0.0403720065898,0.00192530128625,0.0437236598422,0.0202638589684,-8.65973959247e-15,0.0736703356784,0.0232125843425,-6.66133814777e-16,-6.66133814777e-16,0.039367352411,-0.0105367448672,-0.00727262485791,0.0801647169736,-8.65973959247e-15,0.0740102836915,0.00637924108071,0.00160926960866,0.000201200615606,0.0340721247359,0.0697688241893,0.0163217745037,0.0,-0.0135092860683,0.0571805298091,0.0450044350605,0.0,0.0226331013584,0.0508289648241,-0.00981250797166,-6.66133814777e-16,-1.11022302463e-16,-1.11022302463e-16,0.0721918190679,0.0418920109754
pop3_init,0.000523287278835,0.00036993187206,0.0,0.00224743111718,-9.32587340727e-15,-1.11022302463e-16,-7.58809896795e-05,0.000810871661184,0.000540632418562,0.000742514997115,-5.36214931072e-05,-9.32587340727e-15,0.000681606880807,0.000669347305111,-7.7715611724e-16,-7.7715611724e-16,0.00211648677361,-5.58828827814e-05,0.000105334165074,0.000687666101857,-9.32587340727e-15,0.000691454429922,-6.88933223502e-05,-4.27645109317e-05,0.000453547178792,0.00192221674678,0.000650126056428,-0.000192049165322,0.0,8.89388968803e-05,0.000819927788564,0.000725178840689,0.0,0.000211723623539,0.000512124092856,0.000409617716775,-7.7715611724e-16,-1.11022302463e-16,-1.11022302463e-16,0.000677554741008,0.00077331791062
pop4_init,9.62655880431e-05,7.54537229329e-05,0.0,0.000450896205488,-5.99520433325e-15,1.11022302463e-16,-1.62228256029e-05,0.000150508532039,0.000110378856695,0.000134006275582,-1.9363471884e-05,-5.99520433325e-15,0.000109527513417,0.00012557167345,-4.44089209851e-16,-4.44089209851e-16,0.00042212408413,-7.17063197273e-06,2.34444171902e-05,0.000109720575159,-5.99520433325e-15,0.000112167006238,-1.66450823859e-05,-1.17167907237e-05,9.24109736165e-05,0.000380028371022,0.000104656822961,-4.61158412885e-05,0.0,2.23608303293e-05,0.000144224689154,0.000129839184921,0.0,3.35448977371e-05,8.38190140504e-05,8.0911091858e-05,-4.44089209851e-16,1.11022302463e-16,1.11022302463e-16,0.000109653358143,0.000141501091631
pot_arable_land_init,-0.0290157533474,-0.00244855523445,0.0,-0.109362474246,-3.44169137649e-15,-2.22044604925e-16,0.0190411604986,-0.089826677882,-0.0181972501577,-0.10066506494,-0.0101065040989,-3.44169137649e-15,-0.110374509144,-0.0537121001799,-3.33066907389e-16,-3.33066907389e-16,-0.104984961695,0.0153673553689,0.0181742430856,-0.144300103066,-3.44169137649e-15,-0.126024674182,-0.0205533407929,0.0448790184036,-0.0105153603114,-0.0895485695933,-0.107126346309,-0.000842174978117,0.0,0.0423015196877,-0.0905493931784,-0.104674179104,0.0,-0.0189213390566,-0.076759381648,0.0836700671232,-3.33066907389e-16,-2.22044604925e-16,-2.22044604925e-16,-0.116684005628,-0.094793306991
pot_arable_land_tot,0.0364110263933,0.00932406930185,0.0,0.104237804721,-1.27675647838e-14,1.11022302463e-16,-0.0112765534592,0.0683747968542,0.0196680266854,0.0732289910164,0.0157010209079,-1.27675647838e-14,0.0869957970443,0.0411528775673,-8.88178419703e-16,-8.88178419703e-16,0.102598776803,-0.0104524584142,-0.00494818037647,0.108291418414,-1.27675647838e-14,0.0976221203812,0.0105663293977,-0.0105503780453,0.0146748681715,0.0923084776841,0.0835262926133,0.00797669792256,0.0,-0.0184284869765,0.0787963430952,0.0751347250399,0.0,0.0254360575768,0.0653649886341,0.0717340523613,-8.88178419703e-16,1.11022302463e-16,1.11022302463e-16,0.0909244804118,0.0705372907305
ppoll_in_1970,0.00354627926992,-0.00761086506062,0.0,-0.00150572319654,-1.77635683948e-15,0.0,0.001953756814,-0.011831014653,-0.00168226318037,-0.0124796653711,0.00348981417388,-1.77635683948e-15,-0.0112723548812,-0.00614889890324,-1.11022302463e-16,-1.11022302463e-16,-0.0101703352399,0.00802440766984,-0.0065279614911,-0.0034919719371,-1.77635683948e-15,-0.00539261015101,-0.00642743697127,-0.0153674164441,-0.00511539595206,-0.0202565027088,-0.00754021741661,0.00128378213833,0.0,-0.0139458919019,-0.000116748322175,-0.0122772609417,0.0,0.00313962535531,-0.000330471817024,0.00222568188457,-1.11022302463e-16,0.0,0.0,-0.00624227936377,-0.0124714367961
ppoll_tech_init,-2.16550224335e-06,1.0406222492e-06,0.0,1.30688586896e-05,0.05,0.05,-5.29408120169e-06,4.79176479883e-06,4.05455431992e-06,3.80647519247e-06,-3.94375612406e-06,-4.7739590061e-15,-1.35083120633e-06,1.8824190081e-06,-4.44089209851e-16,-4.44089209851e-16,1.36348660948e-05,6.34902935118e-07,1.86770388544e-06,-1.37157389193e-06,-4.7739590061e-15,-1.05348054431e-06,-2.91690598584e-07,-2.55700673085e-06,3.67522555391e-06,9.23628915382e-06,-1.22038379454e-06,-4.68936804911e-06,0.05,9.91140275205e-07,5.34456045446e-07,3.49148420265e-06,0.0,-3.48496988038e-06,-1.29750652947e-06,-1.25830884312e-06,0.05,0.0,0.0,-1.10406104223e-06,4.35166590505e-06
ppoll_trans_del,-0.0131560803126,-0.00629251201469,0.0,-0.0118677607956,2.55351295675e-15,0.0,0.00113863105251,-0.0013810261818,-0.00852546392888,9.11784672283e-06,-0.00839125479942,2.55351295675e-15,0.0683562405197,0.000815436012276,3.33066907389e-16,3.33066907389e-16,-0.0153380506976,-0.00959703328691,-0.00614218688783,-0.00230672712436,2.55351295675e-15,0.0223568285601,-0.00191142494176,-0.00643180301471,-0.00788536253681,-0.0160637291625,0.0656710209409,-0.00840643394338,0.0,0.00124840269103,-0.006132148179,0.000352062623328,0.0,-0.0104898539665,-0.0062460002521,6.8227223515e-05,3.33066907389e-16,0.0,0.0,0.046399560766,-0.000665333695203
processing_loss,0.00462475841394,0.00147168738604,0.0,0.0214291057324,-9.99200722208e-15,-1.11022302463e-16,-0.0030409900901,0.0172206448117,0.0032799185252,0.0190618219765,0.000916484966519,-9.99200722208e-15,0.0208845699574,0.0105135690128,-7.7715611724e-16,-7.7715611724e-16,0.0212670586867,-0.00285432036281,-0.00226794678734,0.0257552198002,-9.99200722208e-15,0.0228999527702,0.00347465417265,0.000202948726571,0.00240588544657,0.0195148620281,0.0200446423482,-0.000616545315534,0.0,-0.000764580606608,0.0162487898638,0.0196911999733,0.0,0.00270067848527,0.013434959936,-0.00146846463995,-7.7715611724e-16,-1.11022302463e-16,-1.11022302463e-16,0.0215288628435,0.0181001470175
reproductive_lifetime,-0.0416110904805,0.104443339585,0.0,0.126645286059,-1.33226762961e-15,1.11022302463e-16,-0.0140599175891,-0.0730083482604,0.0974690361265,-0.0867560471005,-0.143807464726,-1.33226762961e-15,-0.250711162321,-0.0144324809151,-1.11022302463e-16,-1.11022302463e-16,0.147865594706,0.0467099307351,0.0813373856547,-0.291910936495,-1.33226762961e-15,-0.260759344109,-0.0431152957312,-0.0335526985501,0.101171201624,0.196764427679,-0.244048407264,-0.16545082466,0.0,0.193453031327,-0.166235607131,-0.0928152966219,0.0,-0.0981034648577,-0.187385679413,0.187798822704,-1.11022302463e-16,1.11022302463e-16,1.11022302463e-16,-0.253089133546,-0.0789838023557
res_tech_init,-2.16550224335e-06,1.0406222492e-06,0.0,1.30688586896e-05,-4.7739590061e-15,0.0,-5.29408120169e-06,4.79176479883e-06,4.05455431992e-06,3.80647519247e-06,-3.94375612406e-06,0.05,-1.35083120633e-06,1.8824190081e-06,0.05,-4.44089209851e-16,1.36348660948e-05,6.34902935118e-07,1.86770388544e-06,-1.37157389193e-06,-4.7739590061e-15,-1.05348054431e-06,-2.91690598584e-07,-2.55700673085e-06,3.67522555391e-06,9.23628915382e-06,-1.22038379454e-06,-4.68936804911e-06,0.0,9.91140275205e-07,5.34456045446e-07,3.49148420265e-06,0.05,-3.48496988038e-06,-1.29750652947e-06,-1.25830884312e-06,-4.44089209851e-16,0.0,0.05,-1.10406104223e-06,4.35166590505e-06
service_capital_init,-0.0115562069734,-0.00186620066016,0.0,-0.0283387273856,-1.68753899751e-14,0.0,0.00017267531762,-0.0186565077723,-0.00428521699577,-0.0192665743786,-0.00631699443745,-1.68753899751e-14,-0.0281406057002,-0.0122400818982,-1.22124532709e-15,-1.22124532709e-15,-0.0269571264838,0.00381350804334,0.00176403347388,-0.030201825382,-1.68753899751e-14,-0.0283505963333,-0.00158574434008,-0.000371095188371,-0.00309254431716,-0.0237004692861,-0.0268055066887,-0.00409083755412,0.0,0.00377576233304,-0.0240947940703,-0.019562936094,0.0,-0.00886104223942,-0.0199369665914,0.000809665287869,-1.22124532709e-15,0.0,0.0,-0.0277144046589,-0.018885587229
social_adj_del,0.00378283920195,0.000602733356122,0.0,0.00786981561547,-2.60902410799e-14,0.0,0.000702843634534,0.0504862644322,-0.000607890364606,0.0226052743088,0.00178557480532,-2.60902410799e-14,0.0104185573485,0.00180444472819,-1.99840144433e-15,-1.99840144433e-15,0.0108094246728,-0.00137355629314,0.000447543955944,0.0106689024608,-2.60902410799e-14,0.0101975846653,0.00177831120223,0.000887308073802,8.41893563677e-05,0.0126419817573,0.00985029257979,-2.0034522686e-05,0.0,-0.000857091565271,0.00765505423167,0.00817132483565,0.0,0.00314388500977,0.00689308925766,-0.0043685308163,-1.99840144433e-15,0.0,0.0,0.0100166224046,0.036568923908
social_discount,-0.00305111722161,0.000416455867173,0.0,0.000666239864454,-1.58761892529e-14,-1.11022302463e-16,-0.00218658340971,0.0069754555556,0.000211072651166,0.00855690784358,-0.00238512041963,-1.58761892529e-14,0.00352502745787,0.00332218001243,-1.22124532709e-15,-1.22124532709e-15,0.00296688230689,-0.000657185219828,-0.00130195621381,0.00807516130802,-1.58761892529e-14,0.00586238050037,0.00385018070608,-0.00744020159182,0.000556395386259,0.00432116841087,0.00350908303982,-0.00212991272075,0.0,-0.00426166444985,0.00144064744489,0.00902927633208,0.0,-0.00264362767985,0.00178795054315,0.0357240984378,-1.22124532709e-15,-1.11022302463e-16,-1.11022302463e-16,0.00439691963176,0.00779948327603
subsist_food_pc,-0.0798113314117,0.00553225617452,0.0,-0.0478302044042,-1.32116539936e-14,-1.11022302463e-16,-0.00746085501498,-0.0362280654557,-0.00700729448319,-0.0366171055726,-0.0737423745961,-1.32116539936e-14,-0.132631275021,-0.0129038916766,-1.11022302463e-15,-1.11022302463e-15,-0.044082574004,0.0166274042031,0.000503037266477,-0.160131852356,-1.32116539936e-14,-0.137819051127,-0.0143603378683,0.00282087321783,-0.00127924580443,-0.0284188413935,-0.127396915481,-0.0675042718357,0.0,0.0740199369148,-0.0902885962829,-0.0374713483332,0.0,-0.0767089361781,-0.0994123409019,0.0654225708773,-1.11022302463e-15,-1.11022302463e-16,-1.11022302463e-16,-0.132969120299,-0.0359917474768
t_air_poll_time,0.0,0.0,0.0,0.0,0.0,0.0,0.0,0.0,0.0,0.0,0.0,0.0,0.0,0.0,0.0,0.0,0.0,0.0,0.0,0.0,0.0,0.0,0.0,0.0,0.0,0.0,0.0,0.0,0.0,0.0,0.0,0.0,0.0,0.0,0.0,0.0,0.0,0.0,0.0,0.0,0.0
t_fcaor_time,0.0,0.0,0.0,0.0,0.0,0.0,0.0,0.0,0.0,0.0,0.0,0.0,0.0,0.0,0.0,0.0,0.0,0.0,0.0,0.0,0.0,0.0,0.0,0.0,0.0,0.0,0.0,0.0,0.0,0.0,0.0,0.0,0.0,0.0,0.0,0.0,0.0,0.0,0.0,0.0,0.0
t_fert_cont_eff_time,0.0,0.0,0.0,0.0,0.0,0.0,0.0,0.0,0.0,0.0,0.0,0.0,0.0,0.0,0.0,0.0,0.0,0.0,0.0,0.0,0.0,0.0,0.0,0.0,0.0,0.0,0.0,0.0,0.0,0.0,0.0,0.0,0.0,0.0,0.0,0.0,0.0,0.0,0.0,0.0,0.0
t_ind_equil_time,0.0,0.0,0.0,0.0,0.0,0.0,0.0,0.0,0.0,0.0,0.0,0.0,0.0,0.0,0.0,0.0,0.0,0.0,0.0,0.0,0.0,0.0,0.0,0.0,0.0,0.0,0.0,0.0,0.0,0.0,0.0,0.0,0.0,0.0,0.0,0.0,0.0,0.0,0.0,0.0,0.0
t_land_life_time,0.0,0.0,0.0,0.0,0.0,0.0,0.0,0.0,0.0,0.0,0.0,0.0,0.0,0.0,0.0,0.0,0.0,0.0,0.0,0.0,0.0,0.0,0.0,0.0,0.0,0.0,0.0,0.0,0.0,0.0,0.0,0.0,0.0,0.0,0.0,0.0,0.0,0.0,0.0,0.0,0.0
t_policy_year,0.0,0.0,0.0,0.0,0.0,0.0,0.0,0.0,0.0,0.0,0.0,0.0,0.0,0.0,0.0,0.0,0.0,0.0,0.0,0.0,0.0,0.0,0.0,0.0,0.0,0.0,0.0,0.0,0.0,0.0,0.0,0.0,0.0,0.0,0.0,0.0,0.0,0.0,0.0,0.0,0.0
t_pop_equil_time,0.0,0.0,0.0,0.0,0.0,0.0,0.0,0.0,0.0,0.0,0.0,0.0,0.0,0.0,0.0,0.0,0.0,0.0,0.0,0.0,0.0,0.0,0.0,0.0,0.0,0.0,0.0,0.0,0.0,0.0,0.0,0.0,0.0,0.0,0.0,0.0,0.0,0.0,0.0,0.0,0.0
t_zero_pop_grow_time,0.0,0.0,0.0,0.0,0.0,0.0,0.0,0.0,0.0,0.0,0.0,0.0,0.0,0.0,0.0,0.0,0.0,0.0,0.0,0.0,0.0,0.0,0.0,0.0,0.0,0.0,0.0,0.0,0.0,0.0,0.0,0.0,0.0,0.0,0.0,0.0,0.0,0.0,0.0,0.0,0.0
tech_dev_del_TDD,6.26735235756e-07,9.92105344411e-07,0.0,1.63084085256e-05,-1.25973675941e-10,-2.96984659087e-13,-2.66588649166e-06,7.46609966368e-06,8.93369192338e-07,7.79879561398e-06,8.44563626678e-08,-1.25973675941e-10,6.22230306953e-06,2.30127600627e-06,-8.6507467856e-12,-8.6507467856e-12,1.37139600339e-05,-5.28428259958e-07,-2.63453319463e-07,9.2672173454e-06,-1.25973675941e-10,8.26782698795e-06,1.39929945954e-06,-3.6589147823e-06,2.8394058934e-07,1.02310824751e-05,6.23780275584e-06,-6.0422875313e-08,0.0,-3.18355316877e-06,6.11894625708e-06,8.09128227853e-06,0.0,1.97276041549e-07,5.01180803724e-06,-5.04807450923e-06,-8.6507467856e-12,-2.96984659087e-13,-2.96984659087e-13,7.48571963502e-06,7.55168016711e-06
urb_ind_land_dev_time,-6.79573207181e-05,1.39567075481e-05,0.0,-0.000327568708372,3.44169137649e-15,-1.11022302463e-16,-0.00602334748411,-0.000322747136169,-5.2997290207e-05,-0.000383624049318,-1.95133021321e-05,3.44169137649e-15,-0.000401744029207,-0.0001759721378,1.11022302463e-16,1.11022302463e-16,-0.000320556637654,5.63347041896e-05,8.10630019321e-05,-0.00057064918391,3.44169137649e-15,-0.000479640409684,-9.87007952435e-05,0.000228292094791,-2.21102070464e-05,-0.000257747084181,-0.000389722811929,1.1851416293e-05,0.0,0.000201431499329,-0.000299990170959,-0.000405319827271,0.0,-4.06783978761e-05,-0.000266594364798,0.000267062429944,1.11022302463e-16,-1.11022302463e-16,-1.11022302463e-16,-0.000433589624789,-0.000351272555533
urban_ind_land_init,-0.000166504587591,-2.3709833081e-05,0.0,-0.000619412141366,-5.66213742584e-15,1.11022302463e-16,7.49628153478e-05,-0.000437543331815,-0.00010516663593,-0.000480763062704,-5.17667724161e-05,-5.66213742584e-15,-0.000559243348307,-0.000272224892715,-5.55111512314e-16,-5.55111512314e-16,-0.0005900312815,7.5561875033e-05,6.9701409327e-05,-0.000695951360981,-5.66213742584e-15,-0.000615293569605,-7.59947980167e-05,0.000180615594717,-6.75954666021e-05,-0.000496944285081,-0.000537250119533,1.8965709153e-07,0.0,0.000174559763454,-0.000460256656148,-0.000497601247838,0.0,-0.000105037127112,-0.000380247666718,0.000152117614774,-5.55111512314e-16,1.11022302463e-16,1.11022302463e-16,-0.000576993251851,-0.000456743383241
yield_tech_init,2.1873135312e-06,1.68191747078e-06,0.05,1.13293295327e-05,1.22124532714e-15,-2.22044604925e-16,2.45665773673e-06,3.78933124563e-06,1.10711783733e-06,3.38786829103e-06,7.48427441538e-08,1.22124532714e-15,2.80595718965e-06,-1.00421466701e-07,-1.11022302463e-16,0.05,1.00856507681e-05,-2.52730753338e-07,9.16401342392e-08,4.0862915455e-06,0.05,3.44027185743e-06,3.3733286799e-07,-1.00086612465e-06,7.21228534827e-07,8.85846179206e-06,2.72523749062e-06,-2.47293896878e-07,0.0,-2.10507438395e-06,3.14196870675e-06,3.38166761544e-06,0.0,1.27896390074e-06,2.05730534713e-06,-1.28935400846e-06,-1.11022302463e-16,0.05,-2.22044604925e-16,3.01472604958e-06,3.5144382289e-06