param_perturbed_5_percent,Population_Dynamics1.Pop_65plus.Integrator1.y,Human_Fertility1.Perc_Life_Expectancy.Smooth1.Integrator1.y,Land_Fertility1.Yield_Tech_LYTD.Integrator1.y,Human_Fertility1.Fert_Cont_Facil_PC.Smooth3.Integrator1.y,Pollution_Dynamics1.P_PPoll_Gen_Fact_2.Smooth3.Integrator1.y,Pollution_Dynamics1.P_PPoll_Gen_Fact_2.Smooth1.Integrator1.y,Arable_Land_Dynamics1.Urban_Ind_Land.Integrator1.y,Human_Fertility1.Del_Ind_Out_PC.Smooth3.Integrator1.y,Human_Fertility1.Perc_Life_Expectancy.Smooth3.Integrator1.y,Human_Fertility1.Del_Ind_Out_PC.Smooth1.Integrator1.y,Population_Dynamics1.Pop_15_44.Integrator1.y,NR_Resource_Utilization1.P_Nr_Res_Use_Fact_2.Smooth3.Integrator1.y,Pollution_Dynamics1.Pers_Pollution.Integrator1.y,Life_Expectancy1.Eff_Hlth_Serv_PC.Smooth_of_Input.Integrator1.y,NR_Resource_Utilization1.P_Nr_Res_Use_Fact_2.Smooth2.Integrator1.y,Food_Production1.P_Land_Yield_Fact_2.Smooth2.Integrator1.y,Human_Fertility1.Fert_Cont_Facil_PC.Smooth2.Integrator1.y,Land_Fertility1.Land_Fertility.Integrator1.y,Food_Production1.Perc_Food_Ratio.Integrator1.y,Food_Production1.Agr_Inp.Integrator1.y,Food_Production1.P_Land_Yield_Fact_2.Smooth3.Integrator1.y,Pollution_Dynamics1.PPoll_Appear_Rate.Smooth1.Integrator1.y,NR_Resource_Utilization1.NR_Resources.Integrator1.y,Arable_Land_Dynamics1.Arable_Land.Integrator1.y,Human_Fertility1.Perc_Life_Expectancy.Smooth2.Integrator1.y,Human_Fertility1.Fert_Cont_Facil_PC.Smooth1.Integrator1.y,Pollution_Dynamics1.PPoll_Appear_Rate.Smooth3.Integrator1.y,Population_Dynamics1.Pop_0_14.Integrator1.y,Pollution_Dynamics1.PPoll_Tech_PTD.Integrator1.y,Labor_Utilization1.Labor_Util_Fr_Del.Integrator1.y,Industrial_Investment1.Industrial_Capital.Integrator1.y,Human_Fertility1.Avg_Ind_Out_PC.Smooth_of_Input.Integrator1.y,NR_Resource_Utilization1.Res_Tech_NRTD.Integrator1.y,Population_Dynamics1.Pop_45_64.Integrator1.y,Service_Sector_Investment1.Service_Capital.Integrator1.y,Arable_Land_Dynamics1.Pot_Arable_Land.Integrator1.y,Pollution_Dynamics1.P_PPoll_Gen_Fact_2.Smooth2.Integrator1.y,Food_Production1.P_Land_Yield_Fact_2.Smooth1.Integrator1.y,NR_Resource_Utilization1.P_Nr_Res_Use_Fact_2.Smooth1.Integrator1.y,Pollution_Dynamics1.PPoll_Appear_Rate.Smooth2.Integrator1.y,Human_Fertility1.Del_Ind_Out_PC.Smooth2.Integrator1.y
agr_inp_init,369161.14070264215,0.013392230321659503,0.0,0.001976226830858408,3.6496380693889504e-07,2.2601541233297825e-07,19529.731903964264,0.08133132839076705,0.01214923085997523,0.09152137989643229,760126.4360493913,3.6496380693889504e-07,505173.41688857315,0.010918922286227655,1.915134606703502e-07,1.915134606703502e-07,0.0021662189397326946,0.08902418871462575,0.0005485897231322617,115506671.36012545,3.6496380693889504e-07,192762.0170478011,163404777.2278827,211830.1012406556,0.01270550807463861,0.0024270689940066874,163610.30639275807,463842.9565564272,0.0,0.003555566311754839,2934621780.384848,0.09750185103397534,0.0,425621.516906471,1375025819.011944,390234.2317803606,1.915134606703502e-07,2.2601541233297825e-07,2.2601541233297825e-07,176076.64884631222,0.08577086951000785
agr_mtl_toxic_index,6284933.608688798,0.18282310595844153,0.0,0.009529758673456522,3.7146760177698974e-07,2.5534326120510684e-07,65384.793307076994,0.22557805680158535,0.16271448328498334,0.2552817880565414,8166011.47460054,3.7146760177698974e-07,24173938.689716868,0.05167872638253412,2.2012959946748188e-07,2.2012959946748188e-07,0.009858826578827033,5.023898657361156,0.007448350171478232,811753800.4616804,3.7146760177698974e-07,6957223.768971524,431126717.5006519,7650793.304716564,0.17111956990852875,0.010367157861802723,6742247.643616134,3811274.6559435376,0.0,0.0021652834940347676,13938007358.607794,0.2670625665644551,0.0,5411536.120223035,2340297680.9320974,375766.94134181854,2.2012959946748188e-07,2.5534326120510684e-07,2.5534326120510684e-07,6848395.810964989,0.24095644513733322
arable_land_init,15437344.782917833,0.5398677348390454,0.0,0.07745190219490983,2.386091976682233e-07,1.0660070845615387e-07,947367.9728284687,3.159844689527013,0.4908826564561804,3.599898148012796,32121334.083113626,2.386091976682233e-07,19820773.434436362,0.4192811643180945,2.0607761271825845e-07,2.0607761271825845e-07,0.08568997882623898,3.0893933652353875,0.014268728988130412,4480102029.994374,2.386091976682233e-07,7579281.057276104,6282495819.412527,38920297.93330319,0.514653344154646,0.09717922272847607,6366490.945380363,19317190.159581292,0.0,0.023112255209169277,116513697404.21124,3.85442924131178,0.0,17617600.52110416,53038950891.43124,6537149.501742389,2.0607761271825845e-07,1.0660070845615387e-07,1.0660070845615387e-07,6885639.105255946,3.353280220749442
assim_half_life_1970,13154870.101170404,0.3880683848156225,0.0,0.02008536569782277,2.1089614911584734e-07,8.776662728535021e-08,127204.75010160827,0.46299716568581195,0.33991486920095804,0.5214835044773106,16770679.689302377,2.1089614911584734e-07,46230454.02720513,0.10758016711027275,2.1060585889330582e-07,2.1060585889330582e-07,0.020846335987843547,9.677585102191511,0.01453689040703254,1583201495.285986,2.1089614911584734e-07,1503851.8550460562,835866024.7588288,14756236.344812214,0.35977132550304086,0.022013846701988513,1321344.170349146,7763141.5483567845,0.0,0.004284815697366606,27660493685.738876,0.5442261868517928,0.0,11153821.683598345,4564789474.375581,724330.5160733578,2.1060585889330582e-07,8.776662728535021e-08,8.776662728535021e-08,1403351.2958633094,0.49356549796464094
avg_life_land_norm,3898968.493437901,0.13732257244534413,0.0,0.017574727705419912,2.318072210751077e-07,1.2308195517291634e-07,243962.16001843286,0.5198513747796015,0.12317799571778197,0.6068149439176074,5708056.211689917,2.318072210751077e-07,3234711.730250617,0.06939062147249477,2.2044716274101295e-07,2.2044716274101295e-07,0.01909185318560409,0.586487358426693,0.006017467139887293,879647376.6398976,2.318072210751077e-07,1271185.8966110176,1128459611.443643,22260665.735770814,0.1292973890376492,0.02129777176110568,1050900.2132079902,2739125.5232708184,0.0,0.0038274995761809773,25113536888.375618,0.6539818787692323,0.0,3398501.020130734,7849770648.027402,4127546.3242767123,2.2044716274101295e-07,1.2308195517291634e-07,1.2308195517291634e-07,1146210.1334081439,0.5592327305004605
des_compl_fam_size_norm,19931969.37542169,2.919565304109353,0.0,0.6804233141885732,7.410707731443453e-07,3.0183209867950935e-07,903695.2961458918,10.10588576900943,2.7946775152489254,10.952576104784642,222396989.21561834,7.410707731443453e-07,60149895.18165125,2.042422381832304,6.507350087122006e-07,6.507350087122006e-07,0.7002375965558433,14.160719215090882,0.06909054249490564,15948632143.795057,7.410707731443453e-07,21891254.83748734,14634651613.499697,15240017.617731335,2.8544552675321615,0.7249008170017835,18841557.065573663,212754042.0369483,0.0,0.026655536411586262,198418626115.5019,11.46186630296898,0.0,58761629.538715266,122983004905.07281,11610503.327575438,6.507350087122006e-07,3.0183209867950935e-07,3.0183209867950935e-07,20213016.001281228,10.469207303160292
des_food_ratio_dfr,0.0,0.0,0.0,0.0,0.0,0.0,0.0,0.0,0.0,0.0,0.0,0.0,0.0,0.0,0.0,0.0,0.0,0.0,0.0,0.0,0.0,0.0,0.0,0.0,0.0,0.0,0.0,0.0,0.0,0.0,0.0,0.0,0.0,0.0,0.0,0.0,0.0,0.0,0.0,0.0,0.0
des_ppoll_index_DPOLX,0.0,0.0,0.0,0.0,0.0,0.0,0.0,0.0,0.0,0.0,0.0,0.0,0.0,0.0,0.0,0.0,0.0,0.0,0.0,0.0,0.0,0.0,0.0,0.0,0.0,0.0,0.0,0.0,0.0,0.0,0.0,0.0,0.0,0.0,0.0,0.0,0.0,0.0,0.0,0.0,0.0
des_res_use_rt_DNRUR,0.0,0.0,0.0,0.0,0.0,0.0,0.0,0.0,0.0,0.0,0.0,0.0,0.0,0.0,0.0,0.0,0.0,0.0,0.0,0.0,0.0,0.0,0.0,0.0,0.0,0.0,0.0,0.0,0.0,0.0,0.0,0.0,0.0,0.0,0.0,0.0,0.0,0.0,0.0,0.0,0.0
food_short_perc_del,186921.5607536115,0.006330768484782451,0.0,0.0003905320919383686,3.687114181588627e-07,2.4994784657385106e-07,1120.7515533424946,0.0033119642202236866,0.005597793692206418,0.004079666242991468,236974.95372634672,3.687114181588627e-07,84392.99051784977,0.0010168323374383735,2.9246536330041504e-07,2.9246536330041504e-07,0.00040843747144930683,0.16726328810199076,0.0014643396785086662,27540406.135833174,3.687114181588627e-07,27297.644572211117,13164097.745229868,293098.5077607465,0.0059165240176160296,0.00043310839880630707,24478.988956925517,106607.6202963099,0.0,5.3984097092792624e-05,709991553.4996372,0.004324771328169001,0.0,156510.97670125982,106408646.85855916,36887.88094226861,2.9246536330041504e-07,2.4994784657385106e-07,2.4994784657385106e-07,25699.64158396096,0.0037294559133784484
fr_agr_inp_pers_mtl,6285433.267654762,0.18285363989937992,0.0,0.009531654943774837,3.7146738154161744e-07,2.553431247700506e-07,65559.2008005462,0.22563911880172505,0.16274539651717426,0.2553671378786064,8166480.474490047,3.7146738154161744e-07,24173996.069232725,0.05164172787426353,2.2012939437380567e-07,2.2012939437380567e-07,0.009860513126616595,5.023876259077852,0.007449034057930758,811905211.404127,3.7146738154161744e-07,6957326.966170865,431218884.21569234,7650285.071053274,0.17114882123747577,0.010370061440542745,6742298.978496916,3812087.599082088,0.0,0.0021661371537190816,13937917004.75173,0.26715360711822667,0.0,5412067.720816491,2339391251.626595,375719.3900447538,2.2012939437380567e-07,2.553431247700506e-07,2.553431247700506e-07,6848478.903621048,0.241027093492906
frac_res_pers_mtl,5521902.190154144,0.1638311466742462,0.0,0.00936103692616606,3.67464298447699e-07,2.2153321692018432e-07,72781.95049904686,0.21748842993992024,0.14336327859599513,0.24550777539034804,6935618.325439914,3.67464298447699e-07,21935829.217314422,0.047449882938055445,1.61320309956896e-07,1.61320309956896e-07,0.009684890983243218,4.487501072596614,0.007089740797313484,806120076.0184299,3.67464298447699e-07,6222510.514976763,451432598.3347938,8338544.160353632,0.15198688998708448,0.01016122334987591,6021854.719887091,3159204.845678114,0.0,0.0018727202919838059,14333511892.349413,0.2575427297701341,0.0,4595352.465668497,2365359025.150951,365946.22097443155,1.61320309956896e-07,2.2153321692018432e-07,2.2153321692018432e-07,6117540.897078577,0.2316906147875581
hlth_serv_impact_del,2482235.2772272187,0.12084797785255028,0.0,0.0634178392293408,3.5901386210915837e-07,1.2682847253409545e-07,33649.642613446485,0.3188535261140379,0.11340596524060945,0.35144170213016174,2308202.3056148826,3.5901386210915837e-07,1218438.6780004702,0.27039877201351115,3.408475718765873e-07,3.408475718765873e-07,0.0461384478384127,0.16320362762766705,0.0018411071829788934,242947523.3419341,3.5901386210915837e-07,463096.9188378597,393713334.8536744,234695.35131834104,0.1165479768402629,0.025606344751952035,385903.1506343599,3004783.377747995,0.0,0.0009776738348622463,7146166516.680317,0.36787499422324127,0.0,1282812.997682175,3177345058.783483,449195.98754447175,3.408475718765873e-07,1.2682847253409545e-07,1.2682847253409545e-07,418916.1701015774,0.3339771337571498
income_expect_avg_time,2764724.439565145,0.2655512537820114,0.0,0.05131238488310319,2.1164986754405722e-07,9.521055486568051e-08,99834.76869089555,1.13568043589206,0.2537486527714284,1.249680639510887,16584789.969397672,2.1164986754405722e-07,5834261.921547828,0.2266538158450036,1.8699355409513033e-07,1.8699355409513033e-07,0.05477676289558875,0.9358244044512061,0.006498449254524113,1466703093.7411335,2.1164986754405722e-07,2160343.144144115,1548332091.8828723,1679853.1412311643,0.25899373692247063,0.05946167608297024,1840163.0864486345,14338914.174313862,0.0,0.00222298132509554,23527193753.836056,1.7048778796299888,0.0,6086340.564945892,12856371176.712814,1541287.955365876,1.8699355409513033e-07,9.521055486568051e-08,9.521055486568051e-08,1980152.3981154195,1.1857602719149813
ind_mtl_emiss_fact,5521902.190154144,0.1638311466742462,0.0,0.00936103692616606,3.67464298447699e-07,2.2153321692018432e-07,72781.95049904686,0.21748842993992024,0.14336327859599513,0.24550777539034804,6935618.325439914,3.67464298447699e-07,21935829.217314422,0.047449882938055445,1.61320309956896e-07,1.61320309956896e-07,0.009684890983243218,4.487501072596614,0.007089740797313484,806120076.0184299,3.67464298447699e-07,6222510.514976763,451432598.3347938,8338544.160353632,0.15198688998708448,0.01016122334987591,6021854.719887091,3159204.845678114,0.0,0.0018727202919838059,14333511892.349413,0.2575427297701341,0.0,4595352.465668497,2365359025.150951,365946.22097443155,1.61320309956896e-07,2.2153321692018432e-07,2.2153321692018432e-07,6117540.897078577,0.2316906147875581
ind_mtl_toxic_index,5521902.190154144,0.1638311466742462,0.0,0.00936103692616606,3.67464298447699e-07,2.2153321692018432e-07,72781.95049904686,0.21748842993992024,0.14336327859599513,0.24550777539034804,6935618.325439914,3.67464298447699e-07,21935829.217314422,0.047449882938055445,1.61320309956896e-07,1.61320309956896e-07,0.009684890983243218,4.487501072596614,0.007089740797313484,806120076.0184299,3.67464298447699e-07,6222510.514976763,451432598.3347938,8338544.160353632,0.15198688998708448,0.01016122334987591,6021854.719887091,3159204.845678114,0.0,0.0018727202919838059,14333511892.349413,0.2575427297701341,0.0,4595352.465668497,2365359025.150951,365946.22097443155,1.61320309956896e-07,2.2153321692018432e-07,2.2153321692018432e-07,6117540.897078577,0.2316906147875581
ind_out_in_1970,0.0,0.0,0.0,0.0,0.0,0.0,0.0,0.0,0.0,0.0,0.0,0.0,0.0,0.0,0.0,0.0,0.0,0.0,0.0,0.0,0.0,0.0,0.0,0.0,0.0,0.0,0.0,0.0,0.0,0.0,0.0,0.0,0.0,0.0,0.0,0.0,0.0,0.0,0.0,0.0,0.0
ind_out_pc_des,0.0,0.0,0.0,0.0,0.0,0.0,0.0,0.0,0.0,0.0,0.0,0.0,0.0,0.0,0.0,0.0,0.0,0.0,0.0,0.0,0.0,0.0,0.0,0.0,0.0,0.0,0.0,0.0,0.0,0.0,0.0,0.0,0.0,0.0,0.0,0.0,0.0,0.0,0.0,0.0,0.0
industrial_capital_init,20111799.137990817,0.7244299417419124,0.0,0.11821590584005495,2.3190768947005087e-07,1.3237037488847689e-07,1032360.8691461053,4.812286546176594,0.6613672958406684,5.425066797540166,38140667.55796287,2.3190768947005087e-07,30395060.26933179,0.6520884848429049,2.626544864609019e-07,2.626544864609019e-07,0.13002642198781963,4.9476925261042455,0.018102449099980978,6759697205.095858,2.3190768947005087e-07,11558258.930894654,9571173939.428614,10611825.11466091,0.6905549507674194,0.14651761717339828,9787623.616518583,22645498.216097575,0.0,0.008153454875035557,168253468131.79044,5.78493512701571,0.0,22184120.150360487,80454241975.14674,19253901.82402973,2.626544864609019e-07,1.3237037488847689e-07,1.3237037488847689e-07,10549820.69736622,5.078913862363875
inherent_land_fert,38150277.83055899,1.3118157108679525,0.0,0.2118950008589332,2.8288649461924297e-07,1.5321973041565007e-07,2629353.0613344708,8.486577739105758,1.1836235719354102,9.745401384230416,71685588.85706389,2.8288649461924297e-07,53122052.40633477,1.1274173494612851,2.1763421001121328e-07,2.1763421001121328e-07,0.23545580295396001,27.39612509656833,0.03658134156071728,11915087674.284506,2.8288649461924297e-07,20431927.866755493,17096563609.659311,10766842.885006856,1.243631952490065,0.26861050428313715,16986530.941748958,40846908.36688524,0.0,0.01611384886685781,313864474801.3322,10.46626327651273,0.0,40959028.866034985,142871870993.0657,21625621.773206808,2.1763421001121328e-07,1.5321973041565007e-07,1.5321973041565007e-07,18459893.195651334,9.041463351380731
labor_force_partic,209547.02239319723,0.00750073898942193,0.0,0.0012011702526467788,2.347118375683983e-07,1.30452142631101e-07,10788.84769759993,0.049738381056528,0.006843267369164747,0.056144617173072946,399465.6458440026,2.347118375683983e-07,314021.6552850606,0.0067477945285335525,2.511607583059693e-07,2.511607583059693e-07,0.0013244935886863366,0.05147632443303426,0.00018969742763202607,70243136.69208714,2.347118375683983e-07,119618.18462580974,99286241.57779081,112372.90017587985,0.007150347104518055,0.0014962693988776134,101194.89638948951,236326.92124132265,0.0,0.03704093247081496,1746987986.8094888,0.05996999736414061,0.0,232442.55011381756,834566439.3222219,203348.87716942345,2.511607583059693e-07,1.30452142631101e-07,1.30452142631101e-07,109119.5837417275,0.05250934619590524
labor_util_fr_del_init,244502.52136196117,0.008773208156287416,0.0,0.0013970733822842565,4.4838161600353894e-07,2.996107210072616e-07,12646.490628962823,0.058006092183451596,0.008006278703286752,0.06538944075602966,460557.95489489223,4.4838161600353894e-07,364885.86263374693,0.007794602228767699,4.7412585899997833e-07,4.7412585899997833e-07,0.00153878726829857,0.05975498927858349,0.0002231315090159835,81347531.04082651,4.4838161600353894e-07,138893.79425249813,115737940.47745393,133121.922981384,0.00836535519021517,0.0017378781535918294,117560.23947239527,267912.00572879263,0.0,0.0045031727717913675,2033539760.212741,0.0697355481975199,0.0,270184.47570624255,969258153.77881,237894.233769093,4.7412585899997833e-07,2.996107210072616e-07,2.996107210072616e-07,126762.62129203211,0.061227961137922685
labor_util_fr_del_time,7447.082154676446,0.00020029937887100215,0.0,3.566678549363026e-05,1.0611100593687533e-07,7.580977121169325e-08,370.5583520007238,0.0015585526470814888,0.00018429533438863796,0.0017576500533468783,18668.31641183701,1.0611100593687533e-07,10718.475020321874,0.0002394517650988922,5.0313282664553806e-08,5.0313282664553806e-08,3.950709270872735e-05,0.0018797406673327153,6.250043841084793e-06,2414428.518269759,1.0611100593687533e-07,4062.350547178561,3283266.2833274254,4360.613107888006,0.0001903702450880431,4.499532134214609e-05,3443.7194068448007,14081.882385262928,0.0,0.0006251343149041653,57755796.12360271,0.0018997986428548462,0.0,8585.032038178015,28779353.65907062,7950.978518915967,5.0313282664553806e-08,7.580977121169325e-08,7.580977121169325e-08,3716.5106279160514,0.0016386729702942233
land_fertility_init,11018335.64175361,0.4504236586849681,0.0,0.06431043144109728,3.6899139787528833e-07,1.8827968594837166e-07,607295.7724992507,2.3137255412357853,0.42127483199301924,2.581747725806372,27373901.578803778,3.6899139787528833e-07,13573362.167321688,0.3240161086198113,2.2102844893488702e-07,2.2102844893488702e-07,0.06888345075540976,11.20037565703319,0.016682950931563145,3119521014.1175427,3.6899139787528833e-07,5179507.890392908,4449805243.6901865,6030631.745210145,0.4356733116741089,0.07511247784347405,4412078.487827136,18403684.814938,0.0,0.00664578173833043,83129468672.58997,2.735616674252096,0.0,13834657.573411155,38092431575.19906,12004316.959435105,2.2102844893488702e-07,1.8827968594837166e-07,1.8827968594837166e-07,4739315.299176997,2.431764814401506
land_fr_harvested,39706062.297695465,1.3519006172528838,0.0,0.21680850443555977,3.3292552830342656e-07,1.2544325824122337e-07,2720925.340458359,8.828763767177515,1.2190049816907573,10.119241856333819,77250985.14183705,3.3292552830342656e-07,55123418.6430303,1.1744994704366853,2.6930129005444736e-07,2.6930129005444736e-07,0.241060020099765,8.583114719002806,0.036945721997224526,12334901337.830505,3.3292552830342656e-07,21184530.4112935,17751946346.37271,11590961.992883522,1.281441315907495,0.27512959298632506,17631028.457208645,44741793.40035548,0.0,0.01737068843065184,325822306201.4204,10.858192799216146,0.0,43520857.710297905,148562209944.1142,23522452.04933624,2.6930129005444736e-07,1.2544325824122337e-07,1.2544325824122337e-07,19150775.484809894,9.397600037258362
life_expect_norm,48358602.17177823,1.8732142010908517,0.0,0.510314274622688,2.3811030180578267e-07,1.5157713482040805e-07,2181177.895406702,16.83582896436179,1.6696619820929801,18.551600588140076,231787895.82380465,2.3811030180578267e-07,106340477.95574754,2.8107422523159067,3.195921576967172e-07,3.195921576967172e-07,0.5400142717892917,18.760291316950696,0.0838452177046115,25328566456.299873,2.3811030180578267e-07,39339442.16449864,29174281285.603577,19986275.028359424,1.7533362665560848,0.5814739590017715,33553853.208988912,179163365.1796761,0.0,0.03675051618530409,459501659700.8639,19.54056620256632,0.0,94120968.42732635,244456566175.57196,31094582.48680917,3.195921576967172e-07,1.5157713482040805e-07,1.5157713482040805e-07,36154524.453648135,17.58440417659743
lifet_perc_del,3394827.6254752013,0.42481474348613196,0.0,0.0733166567426779,2.514649957474405e-07,1.1736013520278276e-07,155802.5117804624,1.456963475546047,0.6748180949378209,1.6012260267788299,22059200.735485192,2.514649957474405e-07,8165689.207759791,0.2794279950519675,2.2308808271422623e-07,2.2308808271422623e-07,0.07650733584439962,1.4132512359666867,0.007942711601427477,1997524955.8028169,2.514649957474405e-07,3044174.3191092894,2231815841.095384,2024706.70362243,0.545844737782732,0.08070110049629267,2588493.0777557883,19008069.095980253,0.0,0.0031261534820525368,34150039916.25685,1.6878142464508987,0.0,7542788.02747408,18657274549.10273,2249848.0514569916,2.2308808271422623e-07,1.1736013520278276e-07,1.1736013520278276e-07,2788180.5141416886,1.518883070078454
max_tot_fert_norm,19074504.041717194,1.324095176196285,0.0,0.14734838236256145,2.6482861851069775e-07,1.395727155051369e-07,914103.7408242193,6.904402914699827,1.2564287960650808,7.660637636106804,71117767.74044076,2.6482861851069775e-07,39604869.63470549,1.0960324948497748,2.490966688769937e-07,2.490966688769937e-07,0.16370936098029418,6.220495528872459,0.03202372389444011,9059887051.916569,2.6482861851069775e-07,14854769.85654218,11459778508.276543,7643441.284878668,1.2860213606550834,0.18608232368016675,12575845.87768649,59174254.80253307,0.0,0.013272286915838727,187541217171.6118,8.100131314530195,0.0,27854394.54947722,95654805900.49278,13397955.473376516,2.490966688769937e-07,1.395727155051369e-07,1.395727155051369e-07,13575158.50753834,7.234033286012562
nr_resources_init,17197382.836517982,0.5429048860360798,0.0,0.1231003970770579,3.0301545795405943e-10,6.39452467981654e-12,1552881.7666469251,5.762132550748963,0.48085638094220956,6.298835974825171,28228882.751158506,3.0301545795405943e-10,55295692.77228946,0.962000328991919,6.251946628956487e-11,6.251946628956487e-11,0.13159953719532297,9.575869400301759,0.007392532878877508,11557165629.602934,3.0301545795405943e-10,17344593.813298225,41998536769.99986,4181507.514197719,0.5120530832437783,0.1439512570522603,15922455.108909078,13823138.781973956,0.0,0.009959356126082891,186117707709.3496,6.590288657681052,0.0,18626420.78454603,96079617367.73683,10403961.351777777,6.251946628956487e-11,6.39452467981654e-12,6.39452467981654e-12,16567928.001361359,6.007137999711794
p_avg_life_agr_inp_1,2967813.9832707457,0.0918653936741471,0.0,0.011529517969838738,5.19779802039979e-07,2.2437992137822306e-07,166688.54895436767,0.3835699359364808,0.08390620724798276,0.44261191304313025,4366283.00246603,5.19779802039979e-07,4423683.320844846,0.05413212000631063,5.255019604389761e-07,5.255019604389761e-07,0.012490319123822377,1.0265533598175445,0.004129502644105409,1436164755.4077437,5.19779802039979e-07,1408476.6371493465,805913112.6071409,13242722.043657264,0.0876246592073401,0.01392064483840619,1261847.3264347299,2043383.1385393974,0.0,0.0028104387089089647,16878482575.692038,0.47497652051788336,0.0,2639811.574935164,5444569359.4379015,11746027.988087827,5.255019604389761e-07,2.2437992137822306e-07,2.2437992137822306e-07,1322829.5134545967,0.41038396165724983
p_avg_life_agr_inp_2,0.0,0.0,0.0,0.0,0.0,0.0,0.0,0.0,0.0,0.0,0.0,0.0,0.0,0.0,0.0,0.0,0.0,0.0,0.0,0.0,0.0,0.0,0.0,0.0,0.0,0.0,0.0,0.0,0.0,0.0,0.0,0.0,0.0,0.0,0.0,0.0,0.0,0.0,0.0,0.0,0.0
p_avg_life_ind_cap_1,102708119.36877476,3.8090786848189713,0.0,0.7245357838599102,2.4541411286111626e-07,1.4197342590941232e-07,6368358.39229523,24.811737230700878,3.406980144372036,28.55991018870844,199133506.07248312,2.4541411286111626e-07,164535412.20326093,3.626010230240718,2.0249889699934666e-07,2.0249889699934666e-07,0.794749603180632,28.18986598580232,0.09128968402518804,35185868920.76595,2.4541411286111626e-07,62131966.233947076,53079039287.00865,47230108.45804006,3.5908323159747706,0.8907981126307661,52063854.83986118,123975531.48377232,0.0,0.06649449393507784,874014820830.3896,30.68634716597836,0.0,112390855.43968795,434184388037.7956,92909266.32646534,2.0249889699934666e-07,1.4197342590941232e-07,1.4197342590941232e-07,56405821.938406445,26.452073044546495
p_avg_life_ind_cap_2,0.0,0.0,0.0,0.0,0.0,0.0,0.0,0.0,0.0,0.0,0.0,0.0,0.0,0.0,0.0,0.0,0.0,0.0,0.0,0.0,0.0,0.0,0.0,0.0,0.0,0.0,0.0,0.0,0.0,0.0,0.0,0.0,0.0,0.0,0.0,0.0,0.0,0.0,0.0,0.0,0.0
p_avg_life_serv_cap_1,19987214.496731743,0.7737003658968514,0.0,0.15336094037100034,2.778340227802213e-07,1.7400502362407207e-07,1253389.8951186887,4.797393154808753,0.6895101671190542,5.555011060768945,36646407.77738866,2.778340227802213e-07,31759544.809510548,0.8859371787406356,2.9494979398550697e-07,2.9494979398550697e-07,0.16559262516387374,5.397626087782358,0.01860513307438311,7017067730.575617,2.778340227802213e-07,12130280.406453798,10167104941.516195,9534182.691943267,0.7271760367348682,0.1832938742671216,10079983.19849688,22992906.993343025,0.0,0.00954649135548262,171841967873.91635,6.003012021272194,0.0,21061254.84802567,84887968638.70807,18696796.934496038,2.9494979398550697e-07,1.7400502362407207e-07,1.7400502362407207e-07,10952026.809439437,5.125777355147353
p_avg_life_serv_cap_2,0.0,0.0,0.0,0.0,0.0,0.0,0.0,0.0,0.0,0.0,0.0,0.0,0.0,0.0,0.0,0.0,0.0,0.0,0.0,0.0,0.0,0.0,0.0,0.0,0.0,0.0,0.0,0.0,0.0,0.0,0.0,0.0,0.0,0.0,0.0,0.0,0.0,0.0,0.0,0.0,0.0
p_fioa_cons_const_1,235669239.01942208,8.048028451199569,0.0,1.2858776094597606,2.531486582457237e-07,2.0980111564560211e-07,13737789.701555636,53.478144008550785,7.225604254611783,60.05937982084066,481114111.9809668,2.531486582457237e-07,345519191.52205974,7.312806385367667,2.245867930773717e-07,2.245867930773717e-07,1.38860854291805,54.25030751782777,0.18560365559993222,77287131848.21721,2.531486582457237e-07,131854185.92642137,123139564718.527,111843566.95375173,7.654095343873847,1.5050269711469084,114000847.65786625,303696913.77403605,0.0,0.08335828735201357,1948749122474.9583,62.84321376368751,0.0,268439048.30022043,931914407697.8104,222735214.64154452,2.245867930773717e-07,2.0980111564560211e-07,2.0980111564560211e-07,122738040.64855252,56.71837511007684
p_fioa_cons_const_2,0.0,0.0,0.0,0.0,0.0,0.0,0.0,0.0,0.0,0.0,0.0,0.0,0.0,0.0,0.0,0.0,0.0,0.0,0.0,0.0,0.0,0.0,0.0,0.0,0.0,0.0,0.0,0.0,0.0,0.0,0.0,0.0,0.0,0.0,0.0,0.0,0.0,0.0,0.0,0.0,0.0
p_fr_cap_al_obt_res_2[1],0.0,0.0,0.0,0.0,0.0,0.0,0.0,0.0,0.0,0.0,0.0,0.0,0.0,0.0,0.0,0.0,0.0,0.0,0.0,0.0,0.0,0.0,0.0,0.0,0.0,0.0,0.0,0.0,0.0,0.0,0.0,0.0,0.0,0.0,0.0,0.0,0.0,0.0,0.0,0.0,0.0
p_fr_cap_al_obt_res_2[2],0.0,0.0,0.0,0.0,0.0,0.0,0.0,0.0,0.0,0.0,0.0,0.0,0.0,0.0,0.0,0.0,0.0,0.0,0.0,0.0,0.0,0.0,0.0,0.0,0.0,0.0,0.0,0.0,0.0,0.0,0.0,0.0,0.0,0.0,0.0,0.0,0.0,0.0,0.0,0.0,0.0
p_fr_cap_al_obt_res_2[3],0.0,0.0,0.0,0.0,0.0,0.0,0.0,0.0,0.0,0.0,0.0,0.0,0.0,0.0,0.0,0.0,0.0,0.0,0.0,0.0,0.0,0.0,0.0,0.0,0.0,0.0,0.0,0.0,0.0,0.0,0.0,0.0,0.0,0.0,0.0,0.0,0.0,0.0,0.0,0.0,0.0
p_fr_cap_al_obt_res_2[4],0.0,0.0,0.0,0.0,0.0,0.0,0.0,0.0,0.0,0.0,0.0,0.0,0.0,0.0,0.0,0.0,0.0,0.0,0.0,0.0,0.0,0.0,0.0,0.0,0.0,0.0,0.0,0.0,0.0,0.0,0.0,0.0,0.0,0.0,0.0,0.0,0.0,0.0,0.0,0.0,0.0
p_fr_cap_al_obt_res_2[5],0.0,0.0,0.0,0.0,0.0,0.0,0.0,0.0,0.0,0.0,0.0,0.0,0.0,0.0,0.0,0.0,0.0,0.0,0.0,0.0,0.0,0.0,0.0,0.0,0.0,0.0,0.0,0.0,0.0,0.0,0.0,0.0,0.0,0.0,0.0,0.0,0.0,0.0,0.0,0.0,0.0
p_fr_cap_al_obt_res_2[6],0.0,0.0,0.0,0.0,0.0,0.0,0.0,0.0,0.0,0.0,0.0,0.0,0.0,0.0,0.0,0.0,0.0,0.0,0.0,0.0,0.0,0.0,0.0,0.0,0.0,0.0,0.0,0.0,0.0,0.0,0.0,0.0,0.0,0.0,0.0,0.0,0.0,0.0,0.0,0.0,0.0
p_fr_cap_al_obt_res_2[7],0.0,0.0,0.0,0.0,0.0,0.0,0.0,0.0,0.0,0.0,0.0,0.0,0.0,0.0,0.0,0.0,0.0,0.0,0.0,0.0,0.0,0.0,0.0,0.0,0.0,0.0,0.0,0.0,0.0,0.0,0.0,0.0,0.0,0.0,0.0,0.0,0.0,0.0,0.0,0.0,0.0
p_fr_cap_al_obt_res_2[8],0.0,0.0,0.0,0.0,0.0,0.0,0.0,0.0,0.0,0.0,0.0,0.0,0.0,0.0,0.0,0.0,0.0,0.0,0.0,0.0,0.0,0.0,0.0,0.0,0.0,0.0,0.0,0.0,0.0,0.0,0.0,0.0,0.0,0.0,0.0,0.0,0.0,0.0,0.0,0.0,0.0
p_fr_cap_al_obt_res_2[9],0.0,0.0,0.0,0.0,0.0,0.0,0.0,0.0,0.0,0.0,0.0,0.0,0.0,0.0,0.0,0.0,0.0,0.0,0.0,0.0,0.0,0.0,0.0,0.0,0.0,0.0,0.0,0.0,0.0,0.0,0.0,0.0,0.0,0.0,0.0,0.0,0.0,0.0,0.0,0.0,0.0
p_fr_cap_al_obt_res_2[10],0.0,0.0,0.0,0.0,0.0,0.0,0.0,0.0,0.0,0.0,0.0,0.0,0.0,0.0,0.0,0.0,0.0,0.0,0.0,0.0,0.0,0.0,0.0,0.0,0.0,0.0,0.0,0.0,0.0,0.0,0.0,0.0,0.0,0.0,0.0,0.0,0.0,0.0,0.0,0.0,0.0
p_fr_cap_al_obt_res_2[11],0.0,0.0,0.0,0.0,0.0,0.0,0.0,0.0,0.0,0.0,0.0,0.0,0.0,0.0,0.0,0.0,0.0,0.0,0.0,0.0,0.0,0.0,0.0,0.0,0.0,0.0,0.0,0.0,0.0,0.0,0.0,0.0,0.0,0.0,0.0,0.0,0.0,0.0,0.0,0.0,0.0
p_ind_cap_out_ratio_1,193133631.64647177,6.666379080909338,0.0,1.0906057312722983,2.050292111226915e-07,1.267291149006065e-07,10876740.060743598,44.050838478576225,6.007527715473668,49.65667323410248,384278575.1707782,2.050292111226915e-07,287203884.9058091,6.010882476884305,1.8023183335804027e-07,1.8023183335804027e-07,1.185351236691265,45.29737868050858,0.1536131037789241,63651343765.122696,2.050292111226915e-07,109126975.81077622,97708232806.127,90707331.7519808,6.342196214665801,1.2980626402926534,93819896.24858786,238730738.19015732,0.0,0.06587071752211612,1603106572695.648,52.25290961776595,0.0,217373113.32071003,767253521800.9454,178894049.97590536,1.8023183335804027e-07,1.267291149006065e-07,1.267291149006065e-07,101069179.37315086,46.72153554707497
p_land_yield_fact_1,35103160.537412055,1.352187867439213,0.0,0.19257910536352704,2.8303289990257925e-07,1.3660918511141804e-07,2134232.9563563564,7.583034594636971,1.223986836352648,8.685957836265644,71158599.12390006,2.8303289990257925e-07,46174759.842559956,0.9952072008055546,2.215212989617766e-07,2.215212989617766e-07,0.21271216449955735,8.564946448799972,0.04352980980732408,9680327395.894684,2.8303289990257925e-07,17768804.935241796,15189975372.472868,84462118.54739814,1.284620339046151,0.24041975937894533,14741699.990549715,42535285.235437244,0.0,0.0189429181508321,295266981301.9615,9.321419516618432,0.0,40053209.172783464,135746861249.22368,31676428.092697382,2.215212989617766e-07,1.3660918511141804e-07,1.3660918511141804e-07,16023366.37246012,8.066835514782461
p_nr_res_use_fact_1,21200010.891071893,0.6465869583742581,0.0,0.12386558887088808,5.0662703462657e-10,8.250468855184616e-12,1546505.397870845,5.574183974751596,0.592117116643366,6.092344625614882,34325499.88520597,5.0662703462657e-10,47500414.35098938,0.893156059644468,9.105074968058181e-11,9.105074968058181e-11,0.1321590758042975,7.665002613527304,0.0074398814484708045,9445964754.172192,5.0662703462657e-10,15309702.864448728,9190845902.053259,12718416.372702481,0.6209577953518519,0.14413879015534584,13998576.364257164,16250438.549036883,0.0,0.009774992061408364,187071166493.09085,6.38183480050274,0.0,22579892.32933955,93590821948.55235,20880348.176674757,9.105074968058181e-11,8.250468855184616e-12,8.250468855184616e-12,14576854.696790073,5.807450325021699
p_ppoll_gen_fact_1,13161221.4310459,0.38953445882005727,0.0,0.020757708532478544,4.080091805210767e-07,1.859325737215304e-07,139609.63856185152,0.48258984749423534,0.3394155574874463,0.5428418983100868,16562321.889516808,4.080091805210767e-07,46456131.335255064,0.11001522992099193,3.765911031321292e-07,3.765911031321292e-07,0.021526589260195156,9.69147165568293,0.01488178944292002,1656436787.9267738,4.080091805210767e-07,13116835.242156105,897777870.1470144,15920621.664408498,0.3601248663653594,0.022692087394078027,12726390.895858709,7601226.673383877,0.0,0.004250253640176101,29140848306.335037,0.5670734828599787,0.0,11014985.106222238,4823133459.634339,763908.4291390667,3.765911031321292e-07,1.859325737215304e-07,1.859325737215304e-07,12917107.892010834,0.513801132422177
p_ppoll_tech_chg_mlt[1],0.0,0.0,0.0,0.0,0.0,0.0,0.0,0.0,0.0,0.0,0.0,0.0,0.0,0.0,0.0,0.0,0.0,0.0,0.0,0.0,0.0,0.0,0.0,0.0,0.0,0.0,0.0,0.0,0.0,0.0,0.0,0.0,0.0,0.0,0.0,0.0,0.0,0.0,0.0,0.0,0.0
p_ppoll_tech_chg_mlt[2],0.0,0.0,0.0,0.0,0.0,0.0,0.0,0.0,0.0,0.0,0.0,0.0,0.0,0.0,0.0,0.0,0.0,0.0,0.0,0.0,0.0,0.0,0.0,0.0,0.0,0.0,0.0,0.0,0.0,0.0,0.0,0.0,0.0,0.0,0.0,0.0,0.0,0.0,0.0,0.0,0.0
p_ppoll_tech_chg_mlt[3],0.0,0.0,0.0,0.0,0.0,0.0,0.0,0.0,0.0,0.0,0.0,0.0,0.0,0.0,0.0,0.0,0.0,0.0,0.0,0.0,0.0,0.0,0.0,0.0,0.0,0.0,0.0,0.0,0.0,0.0,0.0,0.0,0.0,0.0,0.0,0.0,0.0,0.0,0.0,0.0,0.0
p_ppoll_tech_chg_mlt[4],0.0,0.0,0.0,0.0,0.0,0.0,0.0,0.0,0.0,0.0,0.0,0.0,0.0,0.0,0.0,0.0,0.0,0.0,0.0,0.0,0.0,0.0,0.0,0.0,0.0,0.0,0.0,0.0,0.0,0.0,0.0,0.0,0.0,0.0,0.0,0.0,0.0,0.0,0.0,0.0,0.0
p_res_tech_chg_mlt[1],0.0,0.0,0.0,0.0,0.0,0.0,0.0,0.0,0.0,0.0,0.0,0.0,0.0,0.0,0.0,0.0,0.0,0.0,0.0,0.0,0.0,0.0,0.0,0.0,0.0,0.0,0.0,0.0,0.0,0.0,0.0,0.0,0.0,0.0,0.0,0.0,0.0,0.0,0.0,0.0,0.0
p_res_tech_chg_mlt[2],0.0,0.0,0.0,0.0,0.0,0.0,0.0,0.0,0.0,0.0,0.0,0.0,0.0,0.0,0.0,0.0,0.0,0.0,0.0,0.0,0.0,0.0,0.0,0.0,0.0,0.0,0.0,0.0,0.0,0.0,0.0,0.0,0.0,0.0,0.0,0.0,0.0,0.0,0.0,0.0,0.0
p_res_tech_chg_mlt[3],0.0,0.0,0.0,0.0,0.0,0.0,0.0,0.0,0.0,0.0,0.0,0.0,0.0,0.0,0.0,0.0,0.0,0.0,0.0,0.0,0.0,0.0,0.0,0.0,0.0,0.0,0.0,0.0,0.0,0.0,0.0,0.0,0.0,0.0,0.0,0.0,0.0,0.0,0.0,0.0,0.0
p_res_tech_chg_mlt[4],0.0,0.0,0.0,0.0,0.0,0.0,0.0,0.0,0.0,0.0,0.0,0.0,0.0,0.0,0.0,0.0,0.0,0.0,0.0,0.0,0.0,0.0,0.0,0.0,0.0,0.0,0.0,0.0,0.0,0.0,0.0,0.0,0.0,0.0,0.0,0.0,0.0,0.0,0.0,0.0,0.0
p_serv_cap_out_ratio_1,41580139.84955097,1.5392643496780023,0.0,0.27416753701174423,2.1827987876631325e-07,1.0764328211149228e-07,2340710.4501622785,9.419433024887121,1.380456513598179,10.833954149817224,77386338.38528018,2.1827987876631325e-07,62072725.986815535,1.525306270885351,1.8487409474097771e-07,1.8487409474097771e-07,0.2990118973611565,10.294070637218143,0.03524122104466491,13841432552.906422,2.1827987876631325e-07,23742716.07359979,19634952095.077885,18861308.53916611,1.4540896810070558,0.33331815429660994,19894061.019323878,47186788.836944506,0.0,0.01807732320409138,349543276103.1236,11.641193234600799,0.0,44927395.5509013,176840613808.26315,36857822.85588639,1.8487409474097771e-07,1.0764328211149228e-07,1.0764328211149228e-07,21563472.686372835,10.042334719220404
p_serv_cap_out_ratio_2,0.0,0.0,0.0,0.0,0.0,0.0,0.0,0.0,0.0,0.0,0.0,0.0,0.0,0.0,0.0,0.0,0.0,0.0,0.0,0.0,0.0,0.0,0.0,0.0,0.0,0.0,0.0,0.0,0.0,0.0,0.0,0.0,0.0,0.0,0.0,0.0,0.0,0.0,0.0,0.0,0.0
p_yield_tech_chg_mlt[1],0.0,0.0,0.0,0.0,0.0,0.0,0.0,0.0,0.0,0.0,0.0,0.0,0.0,0.0,0.0,0.0,0.0,0.0,0.0,0.0,0.0,0.0,0.0,0.0,0.0,0.0,0.0,0.0,0.0,0.0,0.0,0.0,0.0,0.0,0.0,0.0,0.0,0.0,0.0,0.0,0.0
p_yield_tech_chg_mlt[2],0.0,0.0,0.0,0.0,0.0,0.0,0.0,0.0,0.0,0.0,0.0,0.0,0.0,0.0,0.0,0.0,0.0,0.0,0.0,0.0,0.0,0.0,0.0,0.0,0.0,0.0,0.0,0.0,0.0,0.0,0.0,0.0,0.0,0.0,0.0,0.0,0.0,0.0,0.0,0.0,0.0
p_yield_tech_chg_mlt[3],0.0,0.0,0.0,0.0,0.0,0.0,0.0,0.0,0.0,0.0,0.0,0.0,0.0,0.0,0.0,0.0,0.0,0.0,0.0,0.0,0.0,0.0,0.0,0.0,0.0,0.0,0.0,0.0,0.0,0.0,0.0,0.0,0.0,0.0,0.0,0.0,0.0,0.0,0.0,0.0,0.0
p_yield_tech_chg_mlt[4],0.0,0.0,0.0,0.0,0.0,0.0,0.0,0.0,0.0,0.0,0.0,0.0,0.0,0.0,0.0,0.0,0.0,0.0,0.0,0.0,0.0,0.0,0.0,0.0,0.0,0.0,0.0,0.0,0.0,0.0,0.0,0.0,0.0,0.0,0.0,0.0,0.0,0.0,0.0,0.0,0.0
perc_food_ratio_init,12319.72001936781,0.0005031543983272457,0.0,6.924258953922562e-05,3.2279770070485e-07,1.3982355248333377e-07,664.8679439661637,0.0028413733840891475,0.0004565465689351781,0.0031694306698645913,26066.08384572204,3.2279770070485e-07,16444.98080572918,0.0003747860826578401,3.214868987232364e-07,3.214868987232364e-07,7.523701114196242e-05,0.0031217021821071662,0.004427886922852645,3705427.8768154047,3.2279770070485e-07,6324.261877872713,5550426.203429713,8181.528919374489,0.0004768077681152643,8.598114131168165e-05,5334.027261004407,16557.39498028993,0.0,0.00012423333596499848,96997854.22613934,0.0033523036808718637,0.0,14393.657075733749,44924194.94484875,12800.885022446611,3.214868987232364e-07,1.3982355248333377e-07,1.3982355248333377e-07,5750.606472127645,0.0029907243703784694
pers_pollution_init,7307.991997640711,0.000525575059707801,0.0,7.787294693170971e-05,1.9374138540307583e-07,6.39510632577033e-08,440.57830531214864,0.0018305574929893729,0.0004979398007868048,0.0019520793535596822,31528.64912649457,1.9374138540307583e-07,112664.65868198106,0.00030592050156472855,1.6592042836906648e-07,1.6592042836906648e-07,8.077129935675045e-05,0.013628844867505659,2.0609935216929603e-05,1716853.0394868497,1.9374138540307583e-07,2380.965354812997,2266547.212107528,5165.487754653246,0.0005119446075760448,8.44589995699323e-05,2017.6665132954759,25149.361008315438,0.0,8.456742159570846e-06,43994191.3031452,0.0020211852950432338,0.0,12518.511361455707,18937431.64208347,9198.167145710402,1.6592042836906648e-07,6.39510632577033e-08,6.39510632577033e-08,2158.2592285484943,0.0018877919310288968
pop1_init,7055938.356962776,0.356492127803135,0.0,0.06310822589245016,3.55927815688119e-07,2.5523177572811087e-07,348955.040757035,2.0932895335726696,0.3346505494005278,2.337205447772158,19222382.6279732,3.55927815688119e-07,12697463.241463,0.3129829133733439,2.767210603251975e-07,2.767210603251975e-07,0.06761610948589386,1.9637429029776323,0.009151551764865005,2861593853.4243965,3.55927815688119e-07,4801943.702782912,3815518115.715045,3221351.6056787586,0.344175080878855,0.07397642077765537,4058769.5977061815,15567179.551087275,0.0,0.004873170437270586,64432038527.89879,2.482199112892994,0.0,8698296.621153452,32033141126.2893,5770710.325923761,2.767210603251975e-07,2.5523177572811087e-07,2.5523177572811087e-07,4381594.585454674,2.1987597269316197
pop2_init,13361756.277559672,0.686865706307901,0.0,0.12122674711073848,2.588694087641081e-07,1.5482009730247185e-07,661625.3616565433,4.007060913679048,0.6458909867711916,4.469946032820261,37984923.26453629,2.588694087641081e-07,24331011.056777634,0.5998263960137264,1.9412305572733333e-07,1.9412305572733333e-07,0.12974871092210974,3.768004332605481,0.01756066212039912,5496078647.498075,2.588694087641081e-07,9192404.126754692,7279930167.375611,6059712.018498186,0.6637708216248367,0.14174823316495688,7772714.692947112,29022034.096578054,0.0,0.01195778303302367,122733250096.9923,4.74395440943038,0.0,16755514.607075099,61144147333.72072,10875060.587051068,1.9412305572733333e-07,1.5482009730247185e-07,1.5482009730247185e-07,8390710.04994534,4.207507170932404
pop3_init,589552.2230668435,0.02275569326603197,0.0,0.003280966944289003,4.5148788439239773e-07,3.1934533808943825e-07,21985.021777256337,0.095595186857541,0.021354456122334862,0.10360415605375076,1455663.735469523,4.5148788439239773e-07,376849.80507854465,0.01482673903225227,2.6190800644928694e-07,2.6190800644928694e-07,0.0034006766330757442,0.09827555409075772,0.000952540817170285,96430956.31876712,4.5148788439239773e-07,144053.09688463947,130449522.60915801,273272.69527166086,0.021986991246638502,0.0035506989408618335,124716.2736001207,1116179.2081921613,0.0,0.0015861380772402187,2528007825.1393256,0.10857851702138961,0.0,1708378.6069381353,1110510318.5440102,456796.44656775607,2.6190800644928694e-07,3.1934533808943825e-07,3.1934533808943825e-07,132839.3985445502,0.09903369664047922
pop4_init,470993.1083235813,0.0047776437175858335,0.0,0.0006896838981986916,2.1697071424774545e-07,1.2347629706336162e-07,4281.377328073716,0.01887785945850527,0.004439945684730773,0.02058229576144344,298907.79994132335,2.1697071424774545e-07,67047.70561081206,0.0030248181687719763,2.1566402193744105e-07,2.1566402193744105e-07,0.0007122606483234325,0.019066820489437364,0.00021492694407510154,17878175.671843894,2.1697071424774545e-07,25675.227285278503,23811860.64110897,56825.71496748575,0.004582421868606615,0.0007388270186714112,22356.06255962078,236871.90722858533,0.0,0.0001223528134337678,461181485.25483453,0.021750682364492388,0.0,121028.9473238417,200127316.3780375,87978.57020870737,2.1566402193744105e-07,1.2347629706336162e-07,1.2347629706336162e-07,23744.079729433666,0.019576981673956727
pot_arable_land_init,27278753.839730445,0.9824556078983573,0.0,0.147639497692354,2.5021387275214374e-07,1.2259258162294372e-07,1777650.3452084754,5.569864075283175,0.8872600883543581,6.427912019349359,46687845.872714855,2.5021387275214374e-07,35461238.29385162,0.724870312607315,2.0317713976055678e-07,2.0317713976055678e-07,0.16370909315853144,4.966532560049675,0.027384714714171646,7951588082.844178,2.5021387275214374e-07,13626597.701927874,11302781415.734203,83778664.66044499,0.9324396389106961,0.18627577865874706,11329915.52571501,24852978.69116219,0.0,0.027826145203154164,211603044807.92697,6.922799507511674,0.0,27910150.95622467,94502309783.58014,35803102.11055625,2.0317713976055678e-07,1.2259258162294372e-07,1.2259258162294372e-07,12311880.946754763,5.947046259648633
pot_arable_land_tot,21900965.486747045,0.822466334029681,0.0,0.11746163893783636,4.133956711762025e-07,2.969645851241395e-07,1307273.1285642134,4.469324396282707,0.7445446687842787,5.154558994070087,39121474.10611568,4.133956711762025e-07,28911796.737079643,0.5771047675152943,1.9420034449440724e-07,1.9420034449440724e-07,0.13014380959717237,4.722819973671916,0.02415859875394661,6472763903.066124,4.133956711762025e-07,11042582.906784346,9033302301.60456,50665767.308867864,0.7823559496278695,0.1475665503455075,9207438.291397681,21535237.688680436,0.0,0.020537170454512352,172210534070.08914,5.546848020920416,0.0,23295698.967634514,78447594221.13286,56866306.78510416,1.9420034449440724e-07,2.969645851241395e-07,2.969645851241395e-07,9996663.663515769,4.771433275809271
ppoll_in_1970,8786252.496427307,0.2511697923257837,0.0,0.014773663817260342,2.537070945719069e-07,1.264269775588384e-07,128563.48282794765,0.37192154144862105,0.22651126564416266,0.4229384311605313,11464369.431916619,2.537070945719069e-07,13001030.10595245,0.07824274425205245,2.3527648420050824e-07,2.3527648420050824e-07,0.015251192420531532,8.172954992507913,0.011766810239010557,1365253719.4085867,2.537070945719069e-07,1332710.238613866,785232389.8549321,15245499.201447554,0.23673355834108065,0.01599846944542729,1166235.5802049357,5310061.645958683,0.0,0.0034853607488792545,23277917675.516685,0.44538530152679545,0.0,7551477.325199154,4155280932.343966,616604.7578561517,2.3527648420050824e-07,1.264269775588384e-07,1.264269775588384e-07,1240395.0807323095,0.3974134704787116
ppoll_tech_init,2285.7493915671844,0.00012942719189237286,0.0,1.4327723986026251e-05,0.04665552863248301,0.048802840439997885,289.1602734292199,0.000477643166582475,0.00010748284326341686,0.0004700708453523083,11062.363972040093,2.115921129980524e-10,891.0912486369318,9.892601294084786e-05,4.436981144114604e-11,4.436981144114604e-11,1.5546759646227815e-05,0.0005649465144169246,2.9062417895643726e-06,356943.10785655846,2.115921129980524e-10,296.0694665365068,316397.0985909276,3716.2445871519235,0.0001152506117748459,1.8086715020912266e-05,261.6055459486155,9806.570065822529,0.050124223793942956,2.431016528527804e-06,3858987.4294596575,0.0004622120872524382,0.0,3808.4201037506764,2846976.4871211993,765.1846770314299,0.04772144451275669,4.743918487969288e-12,4.743918487969288e-12,321.53775176523703,0.0004946183233214893
ppoll_trans_del,2960637.0735310535,0.13770964235280217,0.0,0.006818530335692735,1.3344328686742129e-07,8.395365367946926e-08,75984.77645626021,0.1673739161001997,0.10697292761035981,0.19404267128866404,4906100.61694203,1.3344328686742129e-07,16347607.472656608,0.02408460323452279,9.713771263248712e-08,9.713771263248712e-08,0.007424889711635921,3.166516051178519,0.004738937281805467,492785333.8188823,1.3344328686742129e-07,1823445.029320906,401683203.7703274,7117948.015532631,0.12325546127639997,0.00815647199078743,5333071.097869912,3010109.2961650933,0.0,0.0003716829820160998,9554225013.523748,0.21006909228515452,0.0,3174527.35708269,2594436930.486368,317248.04790351755,9.713771263248712e-08,8.395365367946926e-08,8.395365367946926e-08,3704376.324637472,0.17889297322694805
processing_loss,4535722.087155914,0.1551791159092238,0.0,0.02495488945780368,1.26579636833655e-07,8.343297723513362e-08,310995.6074415333,1.024464870883572,0.13985981697293967,1.175102268783369,8867702.435939468,1.26579636833655e-07,6388665.292341203,0.13641444936897587,9.588339616264767e-08,9.588339616264767e-08,0.027753751736096212,0.9865606324840678,0.004196627501868011,1445319496.0904102,1.26579636833655e-07,2455008.3071909854,2057497996.1536994,1348706.5990286954,0.1471171110706738,0.03168435241822919,2043934.2707224363,5141696.015412325,0.0,0.001975393654339609,37151853366.34572,1.2611128171048474,0.0,4993342.010119805,17059959612.82763,2763224.0145264636,9.588339616264767e-08,8.343297723513362e-08,8.343297723513362e-08,2220331.6134395497,1.091114993916107
reproductive_lifetime,33602542.296499565,4.227896876882887,0.0,0.8781335094239285,4.3885768826458665e-07,3.1858879315239596e-07,1665696.097966831,17.11753934571394,4.05185736506243,18.690455129373763,291694040.017748,4.3885768826458665e-07,86197392.7538313,3.866835962656771,2.1992311689856701e-07,2.1992311689856701e-07,0.912300015729553,18.080679709229106,0.10464587402029722,20969081917.579792,4.3885768826458665e-07,32430672.120874953,24433196037.111378,37232790.50879782,4.13430035365795,0.9591695941697019,27515857.731881212,246572966.61542943,0.0,0.047577092780568334,354439586297.11615,19.654999674767996,0.0,95612333.89942022,202353133891.36945,35770106.95354528,2.1992311689856701e-07,3.1858879315239596e-07,3.1858879315239596e-07,29651331.15205757,17.78548261048278
res_tech_init,2285.7493915671844,0.00012942719189237286,0.0,1.4327723986026251e-05,2.115921129980524e-10,4.743918487969288e-12,289.1602734292199,0.000477643166582475,0.00010748284326341686,0.0004700708453523083,11062.363972040093,0.04665552863248301,891.0912486369318,9.892601294084786e-05,0.04772144451275669,4.436981144114604e-11,1.5546759646227815e-05,0.0005649465144169246,2.9062417895643726e-06,356943.10785655846,2.115921129980524e-10,296.0694665365068,316397.0985909276,3716.2445871519235,0.0001152506117748459,1.8086715020912266e-05,261.6055459486155,9806.570065822529,0.0,2.431016528527804e-06,3858987.4294596575,0.0004622120872524382,0.050124223793942956,3808.4201037506764,2846976.4871211993,765.1846770314299,4.436981144114604e-11,4.743918487969288e-12,0.048802840439997885,321.53775176523703,0.0004946183233214893
service_capital_init,7004975.279930898,0.25239320404458826,0.0,0.04079011691419524,2.5249901022641585e-07,1.1254120114130401e-07,360037.64295543556,1.6626194844144055,0.23051854638645142,1.8761051976846426,13269703.69885416,2.5249901022641585e-07,10538350.20029057,0.22821753248208249,2.1114854723111914e-07,2.1114854723111914e-07,0.04488451423821415,1.717454193737361,0.006251713451111436,2348011906.13888,2.5249901022641585e-07,4009053.6425000965,3313220947.2997828,3690940.1611002134,0.24065830167399668,0.050615701194092366,3393520.063195753,7851998.746022209,0.0,0.002865195998243979,58413946354.55102,2.0014692577482913,0.0,7729058.680115306,27947622105.116463,6708103.636490788,2.1114854723111914e-07,1.1254120114130401e-07,1.1254120114130401e-07,3658511.8632018105,1.755590255353399
social_adj_del,1269733.0896267092,0.16207060535483997,0.0,0.043862377669039804,7.378389779950104e-07,2.817450075429547e-07,50905.52846728427,3.2003517911851085,0.15659381456535734,1.5239904038299632,11957556.300555816,7.378389779950104e-07,3191737.5925722406,0.13994244275540293,6.677809538121578e-07,6.677809538121578e-07,0.04592830417109371,0.6546429221640069,0.004086756870702718,858814637.1633555,7.378389779950104e-07,1173568.9845075873,801770794.9493825,1205290.944571145,0.15906862080382508,0.04859814134657872,1007658.3290571558,10526646.994265296,0.0,0.0014137480962129398,11057713241.8827,0.7056583567999487,0.0,3903558.641728484,6688867364.403001,954748.290047771,6.677809538121578e-07,2.817450075429547e-07,2.817450075429547e-07,1080660.9756360524,2.3908169672274173
social_discount,3641986.1360387267,0.11271518631025904,0.0,0.010448336001257944,3.333697615569497e-07,1.4769452105230212e-07,126233.82218052764,0.19081414094802251,0.10624402953788613,0.22668788293199407,5174134.809400238,3.333697615569497e-07,4112594.8499678806,0.030770100831936632,3.3410529776688e-07,3.3410529776688e-07,0.010934027526577714,1.2605486262382888,0.005318946009502597,1443456853.3868563,3.333697615569497e-07,1178909.9100736403,464238716.6216275,12889454.865866864,0.1091894071546612,0.011627141338664916,1115340.4246434243,2389995.8726206725,0.0,0.0027857253598941355,15998442721.70221,0.24299730149831247,0.0,3238386.843396734,3172480060.452172,10489301.120158369,3.3410529776688e-07,1.4769452105230212e-07,1.4769452105230212e-07,1142560.2164587933,0.2082865925573114
subsist_food_pc,33551061.018877927,0.8761069458852189,0.0,0.2695643750085289,4.970940781651432e-07,2.037760804912651e-07,1002775.3187966886,8.35212612820496,0.767201584126278,9.178945201355297,123164777.89871071,4.970940781651432e-07,44509883.347771965,1.6040012399854067,4.7774918513077e-07,4.7774918513077e-07,0.2858705991738992,6.884424997530521,0.03235593015199828,10153099664.235075,4.970940781651432e-07,16823623.618063867,13094974024.169727,8479761.767704891,0.8144124208836975,0.3087437314322446,14209626.587695189,87989901.97325175,0.0,0.024440186629427645,212147481242.9588,9.683613500520508,0.0,54938218.358323984,112137165607.63966,17103278.61459044,4.7774918513077e-07,2.037760804912651e-07,2.037760804912651e-07,15345663.688474398,8.70400234786501
t_air_poll_time,0.0,0.0,0.0,0.0,0.0,0.0,0.0,0.0,0.0,0.0,0.0,0.0,0.0,0.0,0.0,0.0,0.0,0.0,0.0,0.0,0.0,0.0,0.0,0.0,0.0,0.0,0.0,0.0,0.0,0.0,0.0,0.0,0.0,0.0,0.0,0.0,0.0,0.0,0.0,0.0,0.0
t_fcaor_time,0.0,0.0,0.0,0.0,0.0,0.0,0.0,0.0,0.0,0.0,0.0,0.0,0.0,0.0,0.0,0.0,0.0,0.0,0.0,0.0,0.0,0.0,0.0,0.0,0.0,0.0,0.0,0.0,0.0,0.0,0.0,0.0,0.0,0.0,0.0,0.0,0.0,0.0,0.0,0.0,0.0
t_fert_cont_eff_time,0.0,0.0,0.0,0.0,0.0,0.0,0.0,0.0,0.0,0.0,0.0,0.0,0.0,0.0,0.0,0.0,0.0,0.0,0.0,0.0,0.0,0.0,0.0,0.0,0.0,0.0,0.0,0.0,0.0,0.0,0.0,0.0,0.0,0.0,0.0,0.0,0.0,0.0,0.0,0.0,0.0
t_ind_equil_time,0.0,0.0,0.0,0.0,0.0,0.0,0.0,0.0,0.0,0.0,0.0,0.0,0.0,0.0,0.0,0.0,0.0,0.0,0.0,0.0,0.0,0.0,0.0,0.0,0.0,0.0,0.0,0.0,0.0,0.0,0.0,0.0,0.0,0.0,0.0,0.0,0.0,0.0,0.0,0.0,0.0
t_land_life_time,0.0,0.0,0.0,0.0,0.0,0.0,0.0,0.0,0.0,0.0,0.0,0.0,0.0,0.0,0.0,0.0,0.0,0.0,0.0,0.0,0.0,0.0,0.0,0.0,0.0,0.0,0.0,0.0,0.0,0.0,0.0,0.0,0.0,0.0,0.0,0.0,0.0,0.0,0.0,0.0,0.0
t_policy_year,0.0,0.0,0.0,0.0,0.0,0.0,0.0,0.0,0.0,0.0,0.0,0.0,0.0,0.0,0.0,0.0,0.0,0.0,0.0,0.0,0.0,0.0,0.0,0.0,0.0,0.0,0.0,0.0,0.0,0.0,0.0,0.0,0.0,0.0,0.0,0.0,0.0,0.0,0.0,0.0,0.0
t_pop_equil_time,0.0,0.0,0.0,0.0,0.0,0.0,0.0,0.0,0.0,0.0,0.0,0.0,0.0,0.0,0.0,0.0,0.0,0.0,0.0,0.0,0.0,0.0,0.0,0.0,0.0,0.0,0.0,0.0,0.0,0.0,0.0,0.0,0.0,0.0,0.0,0.0,0.0,0.0,0.0,0.0,0.0
t_zero_pop_grow_time,0.0,0.0,0.0,0.0,0.0,0.0,0.0,0.0,0.0,0.0,0.0,0.0,0.0,0.0,0.0,0.0,0.0,0.0,0.0,0.0,0.0,0.0,0.0,0.0,0.0,0.0,0.0,0.0,0.0,0.0,0.0,0.0,0.0,0.0,0.0,0.0,0.0,0.0,0.0,0.0,0.0
tech_dev_del_TDD,2096.1900689926442,0.00013786657045037885,0.0,1.6253591923593974e-05,0.010756228281623826,0.0044977955078064355,164.78549939245525,0.0004577137224112771,0.00010827841723807964,0.0005184485348663372,5762.324327073857,0.010756228281623826,1559.2144310339033,4.9423153975198976e-05,0.00780353383952545,0.00780353383952545,1.825112337921513e-05,0.000537066644104368,4.473631366192466e-06,498217.40655104275,0.010756228281623826,642.9902606111273,564845.7917272289,6399.796385145056,0.00012003337906612844,2.1349519720121423e-05,485.3373304699041,5278.612329371049,0.0,2.3186074922564094e-06,13642342.177347835,0.0005474290662324432,0.0,2378.920051301703,5648088.220523274,1628.744720196382,0.00780353383952545,0.0044977955078064355,0.0044977955078064355,550.4998259392038,0.0004887286575311253
urb_ind_land_dev_time,94555.59973060637,0.0038209666645340015,0.0,0.0004987811379533397,2.432087479926525e-07,8.389121555952627e-08,437609.0343229288,0.015776254074423814,0.003348939668656815,0.018553462416112502,140196.19077416844,2.432087479926525e-07,101547.92220168661,0.001964682450180247,2.238478258477973e-07,2.238478258477973e-07,0.0005502036948903433,0.013408789947912518,0.00013055500128705044,25138611.57615271,2.432087479926525e-07,39561.50077535935,32747470.35081498,329246.69902588584,0.003566709719370281,0.0006224499108979778,32671.738478864947,66553.15737047645,0.0,6.062050547042792e-05,698550404.2676698,0.02016903255535142,0.0,85369.3350902312,267553423.6136107,71255.08371358212,2.238478258477973e-07,8.389121555952627e-08,8.389121555952627e-08,35624.42836543046,0.016993715754357742
urban_ind_land_init,136336.8035633062,0.004741568629940169,0.0,0.0007046713787362548,2.264816076048838e-07,1.1455338115997816e-07,68505.4489127708,0.02837855802835077,0.004295041819404715,0.03252716099873531,260929.8499635354,2.264816076048838e-07,182497.90225087942,0.003728038070839292,1.855631245766342e-07,1.855631245766342e-07,0.0007824039362000551,0.027627932960009184,0.00012453979677537694,41624638.1025013,2.264816076048838e-07,69806.62777597472,57218079.99300008,338014.1660801945,0.00451066976906477,0.0008903470701196327,58662.17391364655,149472.61361176503,0.0,0.00010861115070396274,1049414027.7158604,0.03494935958624568,0.0,148978.11511564837,480631585.1849039,53991.76252258275,1.855631245766342e-07,1.1455338115997816e-07,1.1455338115997816e-07,63452.442162934654,0.030191498431372765
yield_tech_init,2244.3623908469735,0.00011482248171915192,0.050124223793942956,1.1538069795179028e-05,2.1335502047825334e-10,4.745825005415166e-12,142.74616304401894,0.0003375076033823446,9.409399263856487e-05,0.00038872186624205516,5823.334014496143,2.1335502047825334e-10,750.5004522695058,5.747121065525318e-05,4.4502917203591585e-11,0.04772144451228802,1.2496174793262757e-05,0.0003454082453699678,2.44729635448639e-06,497927.68940350687,0.04665552862899395,417.35892477296204,388267.67428104754,2901.5604076447457,0.00010071197092415557,1.362993981688731e-05,257.7421055145646,6274.161698617933,0.0,2.7717771518200894e-06,5648940.8688769005,0.0004271191633255495,0.0,1421.9277238644063,3404963.4220430353,775.8303404887491,4.4502917203591585e-11,0.04880284043996151,4.745825005415166e-12,309.5685759427063,0.0003565680923519883