param_perturbed_5_percent_1901yr,Pollution_Dynamics1.P_PPoll_Gen_Fact_2.Smooth3.Integrator1.y,Pollution_Dynamics1.Pers_Pollution.Integrator1.y,Pollution_Dynamics1.P_PPoll_Gen_Fact_2.Smooth2.Integrator1.y,Labor_Utilization1.Labor_Util_Fr_Del.Integrator1.y,Human_Fertility1.Del_Ind_Out_PC.Smooth3.Integrator1.y,Food_Production1.P_Land_Yield_Fact_2.Smooth2.Integrator1.y,Pollution_Dynamics1.PPoll_Tech_PTD.Integrator1.y,Population_Dynamics1.Pop_0_14.Integrator1.y,NR_Resource_Utilization1.Res_Tech_NRTD.Integrator1.y,Food_Production1.Perc_Food_Ratio.Integrator1.y,Arable_Land_Dynamics1.Arable_Land.Integrator1.y,Population_Dynamics1.Pop_45_64.Integrator1.y,Population_Dynamics1.Pop_65plus.Integrator1.y,Pollution_Dynamics1.PPoll_Appear_Rate.Smooth3.Integrator1.y,Human_Fertility1.Fert_Cont_Facil_PC.Smooth3.Integrator1.y,Arable_Land_Dynamics1.Pot_Arable_Land.Integrator1.y,NR_Resource_Utilization1.P_Nr_Res_Use_Fact_2.Smooth3.Integrator1.y,Human_Fertility1.Avg_Ind_Out_PC.Smooth_of_Input.Integrator1.y,Pollution_Dynamics1.PPoll_Appear_Rate.Smooth2.Integrator1.y,Pollution_Dynamics1.PPoll_Appear_Rate.Smooth1.Integrator1.y,Human_Fertility1.Fert_Cont_Facil_PC.Smooth2.Integrator1.y,NR_Resource_Utilization1.P_Nr_Res_Use_Fact_2.Smooth1.Integrator1.y,Human_Fertility1.Perc_Life_Expectancy.Smooth1.Integrator1.y,NR_Resource_Utilization1.P_Nr_Res_Use_Fact_2.Smooth2.Integrator1.y,Land_Fertility1.Land_Fertility.Integrator1.y,Food_Production1.P_Land_Yield_Fact_2.Smooth1.Integrator1.y,Human_Fertility1.Perc_Life_Expectancy.Smooth3.Integrator1.y,Service_Sector_Investment1.Service_Capital.Integrator1.y,Land_Fertility1.Yield_Tech_LYTD.Integrator1.y,Human_Fertility1.Del_Ind_Out_PC.Smooth1.Integrator1.y,Industrial_Investment1.Industrial_Capital.Integrator1.y,NR_Resource_Utilization1.NR_Resources.Integrator1.y,Human_Fertility1.Del_Ind_Out_PC.Smooth2.Integrator1.y,Arable_Land_Dynamics1.Urban_Ind_Land.Integrator1.y,Human_Fertility1.Perc_Life_Expectancy.Smooth2.Integrator1.y,Food_Production1.Agr_Inp.Integrator1.y,Life_Expectancy1.Eff_Hlth_Serv_PC.Smooth_of_Input.Integrator1.y,Population_Dynamics1.Pop_15_44.Integrator1.y,Pollution_Dynamics1.P_PPoll_Gen_Fact_2.Smooth1.Integrator1.y,Food_Production1.P_Land_Yield_Fact_2.Smooth3.Integrator1.y,Human_Fertility1.Fert_Cont_Facil_PC.Smooth1.Integrator1.y,nr_resources,population
agr_inp_init,1.40812535105e-07,1.57722141799e-06,-3.57135251259e-09,-0.0335300033629,0.000730972321856,-3.57135251259e-09,0.0,0.000553591760434,0.0,0.00298804275995,8.61772005483e-06,0.000176525801601,0.000214691694662,0.0192145779101,nan,-5.20359776857e-06,1.40812535105e-07,0.000360160855109,0.0181566054244,0.0162364906319,nan,5.39859922576e-11,0.0033328046058,-3.57135251259e-09,1.83338815767e-07,5.39859922576e-11,0.00404528475626,5.17122401485e-05,0.0,0.00126867604245,0.000557308187264,-4.08754681009e-07,0.000925449994515,3.31670823502e-05,0.00379293597772,0.0219266155417,0.00096998937671,0.000114373188977,5.39859922576e-11,1.40812535105e-07,nan,-4.08754681009e-07,0.000304360285021
agr_mtl_toxic_index,-3.97466052603e-08,1.85379596983e-06,1.03716744469e-09,-1.46386819157e-08,-4.6327821324e-08,1.03716744469e-09,0.0,8.5406449602e-11,0.0,8.49160779389e-10,1.08484733434e-12,2.05077583153e-11,2.22531833328e-11,0.0231967816754,nan,-5.49711956323e-13,-3.97466052603e-08,-2.98154137391e-10,0.0232644406703,0.0233883045026,nan,-1.49003968886e-11,5.9979786146e-10,1.03716744469e-09,-4.17591527017e-10,-1.49003968886e-11,-3.35294769761e-08,3.32330757929e-11,0.0,-7.91583588235e-10,-3.79754553768e-11,1.64231794104e-13,3.37877100938e-09,-1.36093764044e-11,-7.17461003229e-10,-3.89129505373e-09,-1.0758705693e-09,7.39661639356e-12,-1.49003968886e-11,-3.97466052603e-08,nan,1.64231794104e-13,4.12766455356e-11
arable_land_init,1.80282957061e-08,-2.98981139631e-07,-4.49668000184e-10,0.0844836877904,-0.00106289604215,-4.49668000184e-10,0.0,0.0026723442094,0.0,0.0148230538452,0.0494211656456,0.000850133105915,0.00103326663306,-0.00451819710964,nan,0.000147471966272,1.80282957061e-08,-0.000618962172766,-0.00582350117643,-0.00821882498874,nan,8.02626423112e-12,0.0161243773175,-4.49668000184e-10,8.50120215252e-07,8.02626423112e-12,0.0172254778683,8.91699563157e-05,0.0,-0.0021671466169,0.00175170716231,3.87617976943e-07,-0.00143154955024,5.65524384828e-05,0.0168420811442,-0.0262303860547,-0.00306150112573,0.000544016211184,8.02626423112e-12,1.80282957061e-08,nan,3.87617976943e-07,0.00146535566725
assim_half_life_1970,2.39323216145e-14,0.0229332672041,6.81230256053e-15,-1.46880980293e-06,1.49525125045e-08,6.81230256053e-15,0.0,-6.50949049107e-07,0.0,-2.40152375233e-06,4.34320482837e-08,-2.04972341571e-07,-2.4822535072e-07,1.31749621476e-07,nan,-1.58575653095e-08,2.39323216145e-14,1.38344633387e-08,2.51369909801e-07,5.84331623473e-07,nan,2.19187950701e-15,-3.98014043218e-06,6.81230256053e-15,-1.46840389463e-05,2.19187950701e-15,-1.69312613168e-06,-1.1623835922e-08,0.0,4.78077231416e-08,-2.92896456334e-07,1.78917413344e-11,2.44122272462e-08,-1.10064962302e-08,-2.42261759184e-06,4.35324031104e-06,1.23142464127e-07,-1.23344647585e-07,2.19187950701e-15,2.39323216145e-14,nan,1.78917413344e-11,-3.5257141826e-07
avg_life_land_norm,0.0,-5.436162066e-11,0.0,4.53535378281e-05,-2.27234342164e-07,0.0,0.0,1.49559455361e-06,0.0,8.88500165252e-06,5.27890923896e-05,4.71746290969e-07,5.71667865637e-07,-9.86372125514e-07,nan,8.17505201211e-08,0.0,-2.22181486324e-07,-1.60802770043e-06,-3.08153601848e-06,nan,0.0,9.12538014961e-06,0.0,3.60721337346e-10,0.0,4.71997214095e-06,3.37915906427e-08,0.0,-7.66959635131e-07,1.02825595853e-06,1.32867917226e-10,-3.81971698515e-07,2.09084096582e-08,6.22204352273e-06,-1.55558998635e-05,-1.09643540195e-06,2.86944762564e-07,0.0,0.0,nan,1.32867917226e-10,8.11746926836e-07
des_compl_fam_size_norm,0.0,0.0,0.0,0.0,0.0,0.0,0.0,0.0,0.0,0.0,0.0,0.0,0.0,0.0,nan,0.0,0.0,0.0,0.0,0.0,nan,0.0,0.0,0.0,0.0,0.0,0.0,0.0,0.0,0.0,0.0,0.0,0.0,0.0,0.0,0.0,0.0,0.0,0.0,0.0,nan,0.0,0.0
des_food_ratio_dfr,0.0,0.0,0.0,0.0,0.0,0.0,0.0,0.0,0.0,0.0,0.0,0.0,0.0,0.0,nan,0.0,0.0,0.0,0.0,0.0,nan,0.0,0.0,0.0,0.0,0.0,0.0,0.0,0.0,0.0,0.0,0.0,0.0,0.0,0.0,0.0,0.0,0.0,0.0,0.0,nan,0.0,0.0
des_ppoll_index_DPOLX,0.0,0.0,0.0,0.0,0.0,0.0,0.0,0.0,0.0,0.0,0.0,0.0,0.0,0.0,nan,0.0,0.0,0.0,0.0,0.0,nan,0.0,0.0,0.0,0.0,0.0,0.0,0.0,0.0,0.0,0.0,0.0,0.0,0.0,0.0,0.0,0.0,0.0,0.0,0.0,nan,0.0,0.0
des_res_use_rt_DNRUR,0.0,0.0,0.0,0.0,0.0,0.0,0.0,0.0,0.0,0.0,0.0,0.0,0.0,0.0,nan,0.0,0.0,0.0,0.0,0.0,nan,0.0,0.0,0.0,0.0,0.0,0.0,0.0,0.0,0.0,0.0,0.0,0.0,0.0,0.0,0.0,0.0,0.0,0.0,0.0,nan,0.0,0.0
food_short_perc_del,0.0,8.22299122328e-10,0.0,-4.87951520813e-05,3.78250367161e-07,0.0,0.0,7.46951990893e-07,0.0,-0.00240148688295,8.45012861331e-09,2.35863732128e-07,2.85942647797e-07,1.23888505791e-05,nan,-5.66184416717e-09,0.0,3.26079995428e-07,1.57741212499e-05,2.17854567615e-05,nan,0.0,4.55142290946e-06,0.0,-1.39818780172e-07,0.0,2.61534781776e-06,4.46721305275e-08,0.0,1.12939324716e-06,6.83312151332e-07,-3.5801883956e-10,6.05639002006e-07,2.89627712287e-08,3.31614877232e-06,-8.74146074801e-06,8.65772356535e-07,1.44439006137e-07,0.0,0.0,nan,-3.5801883956e-10,4.05952549168e-07
fr_agr_inp_pers_mtl,-3.97466052603e-08,1.85379596983e-06,1.03716744469e-09,-1.46386819157e-08,-4.63278059574e-08,1.03716744469e-09,0.0,8.54062692084e-11,0.0,8.49159948617e-10,1.08484733434e-12,2.05077583153e-11,2.22533029183e-11,0.0231967816754,nan,-5.49711956323e-13,-3.97466052603e-08,-2.98154137391e-10,0.0232644406703,0.0233883045026,nan,-1.49003968886e-11,5.99797069048e-10,1.03716744469e-09,-4.17591527017e-10,-1.49003968886e-11,-3.35294755047e-08,3.32330757929e-11,0.0,-7.91583588235e-10,-3.79754553768e-11,1.64231794104e-13,3.37877166086e-09,-1.36092639739e-11,-7.17460615956e-10,-3.89129522693e-09,-1.07587072888e-09,7.39661639356e-12,-1.49003968886e-11,-3.97466052603e-08,nan,1.64231794104e-13,4.12759118043e-11
frac_res_pers_mtl,-4.40195770438e-08,2.14896803111e-06,1.14929777453e-09,-1.62842966554e-08,-5.13533363598e-08,1.14929777453e-09,0.0,9.44082708095e-11,0.0,9.45091874392e-10,1.30773222971e-12,2.25901983119e-11,2.4485724629e-11,0.0268031993692,nan,-6.49395272921e-13,-4.40195770438e-08,-3.31133220493e-10,0.0267355477646,0.026611700567,nan,-1.67640922549e-11,6.63518873307e-10,1.14929777453e-09,-4.8562222483e-10,-1.67640922549e-11,-3.71011230739e-08,3.72626985603e-11,0.0,-8.78810247024e-10,-4.22483019979e-11,1.82303396727e-13,3.75264478743e-09,-1.51232532728e-11,-8.04042220354e-10,-4.32808938211e-09,-1.19741190861e-09,8.1185918307e-12,-1.67640922549e-11,-4.40195770438e-08,nan,1.82303396727e-13,4.55881978466e-11
hlth_serv_impact_del,1.85421590887e-14,-1.1017642835e-12,8.51537820067e-16,4.75786756031e-07,4.01658659268e-07,8.51537820067e-16,0.0,-6.80053089804e-06,0.0,5.83686193689e-07,-6.65428017927e-09,-2.14477399134e-06,-2.59893377646e-06,-2.2816876733e-08,nan,3.05848144312e-09,1.85421590887e-14,3.82559341646e-07,-4.43649397805e-08,-1.06119803994e-07,nan,1.39483241355e-15,-4.1500145911e-05,8.51537820067e-16,1.86050211139e-11,1.39483241355e-15,-2.11805602457e-05,-4.29724778054e-08,0.0,1.32144697771e-06,8.71395913283e-08,-4.75893676091e-12,6.68071179517e-07,-1.19013846899e-07,-2.80671655445e-05,-8.45865103129e-07,-0.0464895017664,-1.30353378435e-06,1.39483241355e-15,1.85421590887e-14,nan,-4.75893676091e-12,-3.69046790936e-06
income_expect_avg_time,0.0,0.0,0.0,0.0,0.0,0.0,0.0,0.0,0.0,0.0,0.0,0.0,0.0,0.0,nan,0.0,0.0,0.000344122368853,0.0,0.0,nan,0.0,0.0,0.0,0.0,0.0,0.0,0.0,0.0,0.0,0.0,0.0,0.0,0.0,0.0,0.0,0.0,0.0,0.0,0.0,nan,0.0,0.0
ind_mtl_emiss_fact,-4.40195770438e-08,2.14896803111e-06,1.14929777453e-09,-1.62842966554e-08,-5.13533363598e-08,1.14929777453e-09,0.0,9.44082708095e-11,0.0,9.45091874392e-10,1.30773222971e-12,2.25901983119e-11,2.4485724629e-11,0.0268031993692,nan,-6.49395272921e-13,-4.40195770438e-08,-3.31133220493e-10,0.0267355477646,0.026611700567,nan,-1.67640922549e-11,6.63518873307e-10,1.14929777453e-09,-4.8562222483e-10,-1.67640922549e-11,-3.71011230739e-08,3.72626985603e-11,0.0,-8.78810247024e-10,-4.22483019979e-11,1.82303396727e-13,3.75264478743e-09,-1.51232532728e-11,-8.04042220354e-10,-4.32808938211e-09,-1.19741190861e-09,8.1185918307e-12,-1.67640922549e-11,-4.40195770438e-08,nan,1.82303396727e-13,4.55881978466e-11
ind_mtl_toxic_index,-4.40195770438e-08,2.14896803111e-06,1.14929777453e-09,-1.62842966554e-08,-5.13533363598e-08,1.14929777453e-09,0.0,9.44082708095e-11,0.0,9.45091874392e-10,1.30773222971e-12,2.25901983119e-11,2.4485724629e-11,0.0268031993692,nan,-6.49395272921e-13,-4.40195770438e-08,-3.31133220493e-10,0.0267355477646,0.026611700567,nan,-1.67640922549e-11,6.63518873307e-10,1.14929777453e-09,-4.8562222483e-10,-1.67640922549e-11,-3.71011230739e-08,3.72626985603e-11,0.0,-8.78810247024e-10,-4.22483019979e-11,1.82303396727e-13,3.75264478743e-09,-1.51232532728e-11,-8.04042220354e-10,-4.32808938211e-09,-1.19741190861e-09,8.1185918307e-12,-1.67640922549e-11,-4.40195770438e-08,nan,1.82303396727e-13,4.55881978466e-11
ind_out_in_1970,0.0,0.0,0.0,0.0,0.0,0.0,0.0,0.0,0.0,0.0,0.0,0.0,0.0,0.0,nan,0.0,0.0,0.0,0.0,0.0,nan,0.0,0.0,0.0,0.0,0.0,0.0,0.0,0.0,0.0,0.0,0.0,0.0,0.0,0.0,0.0,0.0,0.0,0.0,0.0,nan,0.0,0.0
ind_out_pc_des,0.0,0.0,0.0,0.0,0.0,0.0,0.0,0.0,0.0,0.0,0.0,0.0,0.0,0.0,nan,0.0,0.0,0.0,0.0,0.0,nan,0.0,0.0,0.0,0.0,0.0,0.0,0.0,0.0,0.0,0.0,0.0,0.0,0.0,0.0,0.0,0.0,0.0,0.0,0.0,nan,0.0,0.0
industrial_capital_init,2.32743541126e-07,2.38250522771e-06,-5.90751126827e-09,-0.0145316343928,0.0494942401296,-5.90751126827e-09,0.0,0.000397514411043,0.0,0.00156229464529,0.000278281922218,0.000125761932011,0.000152558984798,0.0306494908782,nan,-0.000112356551659,2.32743541126e-07,0.0136222686713,0.0316745851099,0.0335410419945,nan,8.96670009669e-11,0.00241636574544,-5.90751126827e-09,6.54675726405e-08,8.96670009669e-11,0.00169695982146,0.00477260512623,0.0,0.0491532113533,0.0481030849335,-1.41685202141e-05,0.0493676869608,0.000582724814755,0.00195116741596,0.0261173145765,0.00263724065423,7.78914997694e-05,8.96670009669e-11,2.32743541126e-07,nan,-1.41685202141e-05,0.000216528932674
inherent_land_fert,0.0,-7.39066299951e-09,0.0,0.00104147581231,1.69170883448e-06,0.0,0.0,0.000222404358157,0.0,0.00131871596146,2.62906229705e-06,7.01542311238e-05,8.50160565792e-05,-0.000133514179636,nan,9.07881470236e-06,0.0,1.32687302767e-07,-0.000216513131664,-0.000411485664396,nan,0.0,0.00135684948993,0.0,0.0060407490737,0.0,0.00070536847649,7.02742698654e-06,0.0,5.89022393853e-07,0.00016576030963,-1.22029896037e-08,1.78903442587e-06,4.44944425856e-06,0.000928147010196,-0.0023716554446,-5.51517438421e-05,4.26856163343e-05,0.0,0.0,nan,-1.22029896037e-08,0.000120718981519
labor_force_partic,3.25565816557e-14,1.41961994497e-08,-2.04369076816e-15,-0.0208827242701,0.000363319279509,-2.04369076816e-15,0.0,4.50179041168e-06,0.0,1.60183670962e-05,3.72972527988e-06,1.41723292241e-06,1.71615514456e-06,0.000219954295768,nan,-1.50327553917e-06,3.25565816557e-14,0.000192495476681,0.000292644404783,0.000434056889493,nan,-1.39483241355e-15,2.75327182563e-05,-2.04369076816e-15,5.30608250214e-10,-1.39483241355e-15,1.14071149071e-05,1.21988370698e-05,0.0,0.000676215736142,7.93564018906e-05,-1.90863121204e-07,0.000472235378697,7.92489204352e-06,1.65093392905e-05,0.000390335315337,0.00063828923562,8.51694044365e-07,-1.39483241355e-15,3.25565816557e-14,nan,-1.90863121204e-07,2.43765901238e-06
labor_util_fr_del_init,5.38598126891e-09,-1.13117870922e-07,-1.3742832632e-10,0.0290438304727,-0.00229093927179,-1.3742832632e-10,0.0,-1.78069136243e-05,0.0,-6.94142818405e-05,-1.18323093404e-05,-5.63712098901e-06,-6.83963814563e-06,-0.00141960396853,nan,4.78006451413e-06,5.38598126891e-09,-0.000582179180435,-0.00143294207638,-0.00145191993242,nan,2.80560576897e-12,-0.000108173284861,-1.3742832632e-10,-2.97950162522e-09,2.80560576897e-12,-7.97412765686e-05,-4.08021825544e-05,0.0,-0.00211031871721,-0.000251871759982,6.10379814973e-07,-0.00222813215979,-2.50682140538e-05,-9.00981224892e-05,-0.00109858270701,-0.0020011782067,-3.50393689051e-06,2.80560576897e-12,5.38598126891e-09,nan,6.10379814973e-07,-9.70659708833e-06
labor_util_fr_del_time,-3.4497040165e-15,2.90408765352e-09,-3.06553615224e-15,-0.00238374974616,7.1061577033e-05,-3.06553615224e-15,0.0,7.76020042326e-07,0.0,2.86353056059e-06,6.00638442321e-07,2.44633842357e-07,2.96392857421e-07,4.32068184403e-05,nan,-2.42245274766e-07,-3.4497040165e-15,3.06071697264e-05,5.37803258833e-05,7.10111855217e-05,nan,1.39483241355e-15,4.73822422884e-06,-3.06553615224e-15,1.01563451176e-10,1.39483241355e-15,2.27569940487e-06,1.99284634682e-06,0.0,0.00010842721729,1.27839479111e-05,-3.08019577341e-08,8.60412539455e-05,1.27499102956e-06,3.11555838395e-06,6.0844506177e-05,0.000102473503601,1.48268678389e-07,1.39483241355e-15,-3.4497040165e-15,nan,-3.08019577341e-08,4.20897128786e-07
land_fertility_init,1.6334543075e-06,-4.58089769334e-07,-4.16856488699e-08,0.0219579563334,4.46397043012e-05,-4.16856488699e-08,0.0,0.00341673379796,0.0,0.0189176818763,-0.000390989633409,0.00108679302832,0.00132090098504,-0.00509371923833,nan,0.000142714234173,1.6334543075e-06,-2.67828675716e-05,-0.00653762997513,-0.00915367327444,nan,6.25494662297e-10,0.0206145631912,-4.16856488699e-08,0.0498971774553,6.25494662297e-10,0.0219128442788,0.000161255775516,0.0,-8.77033691913e-05,0.00253679788701,-2.6002145731e-07,1.12693805861e-05,0.000103097479992,0.0214577945053,-0.033525906076,-0.00136980546165,0.00069511940841,6.25494662297e-10,1.6334543075e-06,nan,-2.6002145731e-07,0.00187332149767
land_fr_harvested,1.65142895147e-06,-4.5945975553e-07,-4.21423834419e-08,0.0219924540878,4.45237246453e-05,-4.21423834419e-08,0.0,0.00342028467213,0.0,0.018939212661,-0.00036148950332,0.00108790936369,0.00132225258519,-0.0050949451155,nan,0.000142857431397,1.65142895147e-06,-2.69104300357e-05,-0.00653996582924,-0.00915895439687,nan,6.32616278078e-10,0.0206362713361,-4.21423834419e-08,1.0858019419e-06,6.32616278078e-10,0.0219208701312,0.000161335105695,0.0,-8.81437276102e-05,0.00253923752348,-2.60055176234e-07,1.10489347857e-05,0.000103150403168,0.0214699658809,-0.0335625487849,-0.0013708922395,0.000695786377331,6.32616278078e-10,1.65142895147e-06,nan,-2.60055176234e-07,0.00187524189057
life_expect_norm,4.7051636391e-09,3.99196462162e-09,-1.20840539893e-10,-0.000970988802907,-0.00117264799074,-1.20840539893e-10,0.0,0.00807578256405,0.0,-0.000988784974019,1.17821458973e-05,0.00256595115699,0.00311836468968,7.82570565571e-05,nan,-5.42338586555e-06,4.7051636391e-09,-0.000666622145281,0.000126771593301,0.000240554229995,nan,1.56938572702e-12,0.0487194252992,-1.20840539893e-10,-4.006828743e-08,1.56938572702e-12,0.0493433312899,7.4857267287e-05,0.0,-0.00233585949447,-0.000152929189715,1.06927002272e-08,-0.00156407472198,0.000211143765354,0.0491315058588,0.00141629334538,-0.00220566961395,0.00163397689993,1.56938572702e-12,4.7051636391e-09,nan,1.06927002272e-08,0.00442338721045
lifet_perc_del,4.8295856231e-13,-5.34930187722e-14,3.06213000096e-13,-1.86216743186e-15,4.51578620811e-13,3.06213000096e-13,0.0,2.34511684531e-15,0.0,8.51541148439e-15,5.28163259173e-16,4.71691070399e-15,5.14217557103e-15,4.74975285984e-13,nan,-4.15347152492e-16,4.8295856231e-13,-1.15865922703e-15,3.12993568354e-13,1.56174883299e-13,nan,1.4864928293e-13,-0.0442971391913,3.06213000096e-13,-1.89736797107e-16,1.4864928293e-13,-0.131557641966,6.34319881525e-16,0.0,1.54958612592e-13,6.00903992375e-15,0.0,3.11146706297e-13,1.46159667945e-15,-0.0886960794793,1.47215750767e-14,1.57511593182e-13,1.18245860084e-15,1.4864928293e-13,4.8295856231e-13,nan,0.0,1.90770157731e-15
max_tot_fert_norm,2.43020371743e-09,2.0831265763e-09,-6.20352114221e-11,-0.000314753181506,-0.000624359916427,-6.20352114221e-11,0.0,0.00558660652585,0.0,-0.000523934958464,6.21931621519e-06,-2.67964325127e-05,-4.02367374316e-05,4.07773330987e-05,nan,-2.86369528657e-06,2.43020371743e-09,-0.000354490750308,6.59898022259e-05,0.000125022678818,nan,9.89334704755e-13,-0.000646337395467,-6.20352114221e-11,-2.12652524409e-08,9.89334704755e-13,-0.000332253422875,3.95602000294e-05,0.0,-0.00124219950773,-8.14945747443e-05,6.84943203436e-09,-0.000832400605464,0.000111695686658,-0.000439021316069,0.000747543622777,-0.00117292892117,0.000149782209367,9.89334704755e-13,2.43020371743e-09,nan,6.84943203436e-09,0.00233257739306
nr_resources_init,0.0,0.0,0.0,0.0,0.0,0.0,0.0,0.0,0.0,0.0,0.0,0.0,0.0,0.0,nan,0.0,0.0,0.0,0.0,0.0,nan,0.0,0.0,0.0,0.0,0.0,0.0,0.0,0.0,0.0,0.0,0.0500143813123,0.0,0.0,0.0,0.0,0.0,0.0,0.0,0.0,nan,0.0500143813123,0.0
p_avg_life_agr_inp_1,3.09039642935e-09,6.77602041775e-09,-7.89332982311e-11,-0.000822938832427,4.26759561452e-06,-7.89332982311e-11,0.0,1.1192916524e-06,0.0,7.07749420976e-06,-0.000273987190888,3.4849766984e-07,4.20221490722e-07,0.000114725389107,nan,0.000107756019588,3.09039642935e-09,4.43237408833e-06,0.000165068705822,0.00027257076078,nan,1.23622004195e-12,6.93745447424e-06,-7.89332982311e-11,1.00953826847e-10,1.23622004195e-12,-1.16006618646e-06,2.69382084313e-07,0.0,1.52783540157e-05,2.54066188951e-06,-4.25663107127e-09,7.35756171645e-06,1.80806434405e-07,9.68778378898e-07,0.00122313648541,1.43407105365e-05,1.94764962105e-07,1.23622004195e-12,3.09039642935e-09,nan,-4.25663107127e-09,5.9798494293e-07
p_avg_life_agr_inp_2,0.0,0.0,0.0,0.0,0.0,0.0,0.0,0.0,0.0,0.0,0.0,0.0,0.0,0.0,nan,0.0,0.0,0.0,0.0,0.0,nan,0.0,0.0,0.0,0.0,0.0,0.0,0.0,0.0,0.0,0.0,0.0,0.0,0.0,0.0,0.0,0.0,0.0,0.0,0.0,nan,0.0,0.0
p_avg_life_ind_cap_1,1.97225335317e-09,3.30858385856e-08,-5.03170291726e-11,-0.000341096302263,0.000865693114764,-5.03170291726e-11,0.0,1.10838809103e-05,0.0,3.94843386682e-05,9.52851854389e-06,3.48784550858e-06,4.2227507577e-06,0.000523222875986,nan,-3.83967450397e-06,1.97225335317e-09,0.00049363587713,0.000713984415788,0.00110300484151,nan,8.16375485474e-13,6.78248521314e-05,-5.03170291726e-11,1.27492692132e-09,8.16375485474e-13,2.66766340136e-05,0.000167223053333,0.0,0.00172950547889,0.00333937255399,-4.87151638587e-07,0.00115573425221,2.02451063447e-05,3.93954614447e-05,0.00100729913873,5.94008571102e-05,2.09021662698e-06,8.16375485474e-13,1.97225335317e-09,nan,-4.87151638587e-07,5.99855904406e-06
p_avg_life_ind_cap_2,0.0,0.0,0.0,0.0,0.0,0.0,0.0,0.0,0.0,0.0,0.0,0.0,0.0,0.0,nan,0.0,0.0,0.0,0.0,0.0,nan,0.0,0.0,0.0,0.0,0.0,0.0,0.0,0.0,0.0,0.0,0.0,0.0,0.0,0.0,0.0,0.0,0.0,0.0,0.0,nan,0.0,0.0
p_avg_life_serv_cap_1,0.0,2.18565278333e-10,0.0,6.18513175258e-05,6.79609876473e-06,0.0,0.0,2.36781379712e-07,0.0,3.96681763265e-07,1.21688603516e-07,7.43367726114e-08,8.99157706345e-08,4.04756596693e-06,nan,-4.89873475626e-08,0.0,6.43694534859e-06,6.81447056777e-06,1.36989572969e-05,nan,0.0,1.45305111898e-06,0.0,1.05690985461e-11,0.0,4.07077197381e-07,0.00222486575311,0.0,2.22377908212e-05,6.63163328021e-05,-6.19955778929e-09,1.12781612111e-05,2.60513619593e-07,7.0009479376e-07,1.35763192031e-05,0.00114291374312,4.38899488405e-08,0.0,0.0,nan,-6.19955778929e-09,1.27781905661e-07
p_avg_life_serv_cap_2,0.0,0.0,0.0,0.0,0.0,0.0,0.0,0.0,0.0,0.0,0.0,0.0,0.0,0.0,nan,0.0,0.0,0.0,0.0,0.0,nan,0.0,0.0,0.0,0.0,0.0,0.0,0.0,0.0,0.0,0.0,0.0,0.0,0.0,0.0,0.0,0.0,0.0,0.0,0.0,nan,0.0,0.0
p_fioa_cons_const_1,0.0,-6.63205116608e-08,0.0,0.00067936942328,-0.00172695150369,0.0,0.0,-2.20703959069e-05,0.0,-7.86322493632e-05,-1.89414439756e-05,-6.94516757819e-06,-8.40858689554e-06,-0.00104375284894,nan,7.63306496622e-06,0.0,-0.000982736339525,-0.00142322882285,-0.00219613539003,nan,0.0,-0.000135052487699,0.0,-2.5415050441e-09,0.0,-5.32093002696e-05,-0.000332492109809,0.0,-0.00344336452438,-0.00663406268275,9.69941186335e-07,-0.00230379103042,-4.03077272153e-05,-7.8527721779e-05,-0.00200320923948,-0.000118293803345,-4.16252552065e-06,0.0,0.0,nan,9.69941186335e-07,-1.1944641863e-05
p_fioa_cons_const_2,0.0,0.0,0.0,0.0,0.0,0.0,0.0,0.0,0.0,0.0,0.0,0.0,0.0,0.0,nan,0.0,0.0,0.0,0.0,0.0,nan,0.0,0.0,0.0,0.0,0.0,0.0,0.0,0.0,0.0,0.0,0.0,0.0,0.0,0.0,0.0,0.0,0.0,0.0,0.0,nan,0.0,0.0
p_fr_cap_al_obt_res_2[1],0.0,0.0,0.0,0.0,0.0,0.0,0.0,0.0,0.0,0.0,0.0,0.0,0.0,0.0,nan,0.0,0.0,0.0,0.0,0.0,nan,0.0,0.0,0.0,0.0,0.0,0.0,0.0,0.0,0.0,0.0,0.0,0.0,0.0,0.0,0.0,0.0,0.0,0.0,0.0,nan,0.0,0.0
p_fr_cap_al_obt_res_2[2],0.0,0.0,0.0,0.0,0.0,0.0,0.0,0.0,0.0,0.0,0.0,0.0,0.0,0.0,nan,0.0,0.0,0.0,0.0,0.0,nan,0.0,0.0,0.0,0.0,0.0,0.0,0.0,0.0,0.0,0.0,0.0,0.0,0.0,0.0,0.0,0.0,0.0,0.0,0.0,nan,0.0,0.0
p_fr_cap_al_obt_res_2[3],0.0,0.0,0.0,0.0,0.0,0.0,0.0,0.0,0.0,0.0,0.0,0.0,0.0,0.0,nan,0.0,0.0,0.0,0.0,0.0,nan,0.0,0.0,0.0,0.0,0.0,0.0,0.0,0.0,0.0,0.0,0.0,0.0,0.0,0.0,0.0,0.0,0.0,0.0,0.0,nan,0.0,0.0
p_fr_cap_al_obt_res_2[4],0.0,0.0,0.0,0.0,0.0,0.0,0.0,0.0,0.0,0.0,0.0,0.0,0.0,0.0,nan,0.0,0.0,0.0,0.0,0.0,nan,0.0,0.0,0.0,0.0,0.0,0.0,0.0,0.0,0.0,0.0,0.0,0.0,0.0,0.0,0.0,0.0,0.0,0.0,0.0,nan,0.0,0.0
p_fr_cap_al_obt_res_2[5],0.0,0.0,0.0,0.0,0.0,0.0,0.0,0.0,0.0,0.0,0.0,0.0,0.0,0.0,nan,0.0,0.0,0.0,0.0,0.0,nan,0.0,0.0,0.0,0.0,0.0,0.0,0.0,0.0,0.0,0.0,0.0,0.0,0.0,0.0,0.0,0.0,0.0,0.0,0.0,nan,0.0,0.0
p_fr_cap_al_obt_res_2[6],0.0,0.0,0.0,0.0,0.0,0.0,0.0,0.0,0.0,0.0,0.0,0.0,0.0,0.0,nan,0.0,0.0,0.0,0.0,0.0,nan,0.0,0.0,0.0,0.0,0.0,0.0,0.0,0.0,0.0,0.0,0.0,0.0,0.0,0.0,0.0,0.0,0.0,0.0,0.0,nan,0.0,0.0
p_fr_cap_al_obt_res_2[7],0.0,0.0,0.0,0.0,0.0,0.0,0.0,0.0,0.0,0.0,0.0,0.0,0.0,0.0,nan,0.0,0.0,0.0,0.0,0.0,nan,0.0,0.0,0.0,0.0,0.0,0.0,0.0,0.0,0.0,0.0,0.0,0.0,0.0,0.0,0.0,0.0,0.0,0.0,0.0,nan,0.0,0.0
p_fr_cap_al_obt_res_2[8],0.0,0.0,0.0,0.0,0.0,0.0,0.0,0.0,0.0,0.0,0.0,0.0,0.0,0.0,nan,0.0,0.0,0.0,0.0,0.0,nan,0.0,0.0,0.0,0.0,0.0,0.0,0.0,0.0,0.0,0.0,0.0,0.0,0.0,0.0,0.0,0.0,0.0,0.0,0.0,nan,0.0,0.0
p_fr_cap_al_obt_res_2[9],0.0,0.0,0.0,0.0,0.0,0.0,0.0,0.0,0.0,0.0,0.0,0.0,0.0,0.0,nan,0.0,0.0,0.0,0.0,0.0,nan,0.0,0.0,0.0,0.0,0.0,0.0,0.0,0.0,0.0,0.0,0.0,0.0,0.0,0.0,0.0,0.0,0.0,0.0,0.0,nan,0.0,0.0
p_fr_cap_al_obt_res_2[10],0.0,0.0,0.0,0.0,0.0,0.0,0.0,0.0,0.0,0.0,0.0,0.0,0.0,0.0,nan,0.0,0.0,0.0,0.0,0.0,nan,0.0,0.0,0.0,0.0,0.0,0.0,0.0,0.0,0.0,0.0,0.0,0.0,0.0,0.0,0.0,0.0,0.0,0.0,0.0,nan,0.0,0.0
p_fr_cap_al_obt_res_2[11],0.0,0.0,0.0,0.0,0.0,0.0,0.0,0.0,0.0,0.0,0.0,0.0,0.0,0.0,nan,0.0,0.0,0.0,0.0,0.0,nan,0.0,0.0,0.0,0.0,0.0,0.0,0.0,0.0,0.0,0.0,0.0,0.0,0.0,0.0,0.0,0.0,0.0,0.0,0.0,nan,0.0,0.0
p_ind_cap_out_ratio_1,2.55163722285e-08,-2.3352537108e-06,-6.57638400748e-10,0.0162406439785,-0.0484935764938,-6.57638400748e-10,0.0,-0.000392003476575,0.0,-0.00153014038409,-0.000273440284948,-0.000123996772804,-0.000150401485255,-0.0299481360854,nan,0.00011044274124,2.55163722285e-08,-0.013739001337,-0.0312058726465,-0.033560453875,nan,1.01025719096e-11,-0.00238395095169,-6.57638400748e-10,-6.33818021015e-08,1.01025719096e-11,-0.00164308205233,-0.00471228070343,0.0,-0.0494952639308,-0.00343599936829,1.42470054467e-05,-0.0488206996026,-0.000586195498356,-0.00190193339848,-0.026179957042,-0.0026115787215,-7.66939297298e-05,1.01025719096e-11,2.55163722285e-08,nan,1.42470054467e-05,-0.000213471712433
p_land_yield_fact_1,1.6514224298e-06,-4.59432046985e-07,-4.21466777471e-08,0.0219670435112,4.46611041314e-05,-4.21466777471e-08,0.0,0.00341939939187,0.0,0.0189339617346,-0.000391262075496,0.00108763024569,0.00132191426841,-0.00509444725441,nan,0.000142812925306,1.6514224298e-06,-2.67814844425e-05,-0.0065391239454,-0.00915726581141,nan,6.30522833887e-10,0.0206308782185,-4.21466777471e-08,1.08558291809e-06,6.30522833887e-10,0.0219180752645,0.000161316812683,0.0,-8.76981968804e-05,0.00253865634864,-2.60131704099e-07,1.1275636103e-05,0.000103137920144,0.0214662831759,-0.0335536088462,-0.00137027254654,0.000695616584681,6.30522833887e-10,1.6514224298e-06,nan,-2.60131704099e-07,0.00187476143901
p_nr_res_use_fact_1,0.0,0.0,0.0,0.0,0.0,0.0,0.0,0.0,0.0,1.03846481517e-15,0.0,0.0,0.0,0.0,nan,0.0,0.0,0.0,0.0,0.0,nan,0.0,5.6600851173e-16,0.0,0.0,0.0,-7.35693236165e-16,0.0,0.0,-1.51920208423e-16,0.0,-1.43813123442e-05,0.0,0.0,5.80910450098e-16,0.0,-6.38344855854e-16,0.0,0.0,0.0,nan,-1.43813123442e-05,-5.8698510071e-16
p_ppoll_gen_fact_1,-5.1448690147e-08,4.00035979571e-06,1.35587505922e-09,-1.97852881231e-08,-6.04855224095e-08,1.35587505922e-09,0.0,1.05628031372e-10,0.0,1.14631437086e-09,2.83399200791e-12,2.42552677904e-11,2.58993445691e-11,0.0499999894297,nan,-1.26265534357e-12,-5.1448690147e-08,-3.96024261548e-10,0.0499999923851,0.0500000033478,nan,-2.03637561908e-11,7.51987362111e-10,1.35587505922e-09,-9.0846566639e-10,-2.03637561908e-11,-4.30214777983e-08,4.86316137969e-11,0.0,-1.045184296e-09,-5.19726055359e-11,2.15393966394e-13,4.50213687587e-09,-1.81825999839e-11,-1.03714628667e-09,-5.23817438223e-09,-1.45918708006e-09,8.22856048058e-12,-2.03637561908e-11,-5.1448690147e-08,nan,2.15393966394e-13,5.04543043315e-11
p_ppoll_tech_chg_mlt[1],0.0,0.0,0.0,0.0,0.0,0.0,0.0,0.0,0.0,0.0,0.0,0.0,0.0,0.0,nan,0.0,0.0,0.0,0.0,0.0,nan,0.0,0.0,0.0,0.0,0.0,0.0,0.0,0.0,0.0,0.0,0.0,0.0,0.0,0.0,0.0,0.0,0.0,0.0,0.0,nan,0.0,0.0
p_ppoll_tech_chg_mlt[2],0.0,0.0,0.0,0.0,0.0,0.0,0.0,0.0,0.0,0.0,0.0,0.0,0.0,0.0,nan,0.0,0.0,0.0,0.0,0.0,nan,0.0,0.0,0.0,0.0,0.0,0.0,0.0,0.0,0.0,0.0,0.0,0.0,0.0,0.0,0.0,0.0,0.0,0.0,0.0,nan,0.0,0.0
p_ppoll_tech_chg_mlt[3],0.0,0.0,0.0,0.0,0.0,0.0,0.0,0.0,0.0,0.0,0.0,0.0,0.0,0.0,nan,0.0,0.0,0.0,0.0,0.0,nan,0.0,0.0,0.0,0.0,0.0,0.0,0.0,0.0,0.0,0.0,0.0,0.0,0.0,0.0,0.0,0.0,0.0,0.0,0.0,nan,0.0,0.0
p_ppoll_tech_chg_mlt[4],0.0,0.0,0.0,0.0,0.0,0.0,0.0,0.0,0.0,0.0,0.0,0.0,0.0,0.0,nan,0.0,0.0,0.0,0.0,0.0,nan,0.0,0.0,0.0,0.0,0.0,0.0,0.0,0.0,0.0,0.0,0.0,0.0,0.0,0.0,0.0,0.0,0.0,0.0,0.0,nan,0.0,0.0
p_res_tech_chg_mlt[1],0.0,0.0,0.0,0.0,0.0,0.0,0.0,0.0,0.0,0.0,0.0,0.0,0.0,0.0,nan,0.0,0.0,0.0,0.0,0.0,nan,0.0,0.0,0.0,0.0,0.0,0.0,0.0,0.0,0.0,0.0,0.0,0.0,0.0,0.0,0.0,0.0,0.0,0.0,0.0,nan,0.0,0.0
p_res_tech_chg_mlt[2],0.0,0.0,0.0,0.0,0.0,0.0,0.0,0.0,0.0,0.0,0.0,0.0,0.0,0.0,nan,0.0,0.0,0.0,0.0,0.0,nan,0.0,0.0,0.0,0.0,0.0,0.0,0.0,0.0,0.0,0.0,0.0,0.0,0.0,0.0,0.0,0.0,0.0,0.0,0.0,nan,0.0,0.0
p_res_tech_chg_mlt[3],0.0,0.0,0.0,0.0,0.0,0.0,0.0,0.0,0.0,0.0,0.0,0.0,0.0,0.0,nan,0.0,0.0,0.0,0.0,0.0,nan,0.0,0.0,0.0,0.0,0.0,0.0,0.0,0.0,0.0,0.0,0.0,0.0,0.0,0.0,0.0,0.0,0.0,0.0,0.0,nan,0.0,0.0
p_res_tech_chg_mlt[4],0.0,0.0,0.0,0.0,0.0,0.0,0.0,0.0,0.0,0.0,0.0,0.0,0.0,0.0,nan,0.0,0.0,0.0,0.0,0.0,nan,0.0,0.0,0.0,0.0,0.0,0.0,0.0,0.0,0.0,0.0,0.0,0.0,0.0,0.0,0.0,0.0,0.0,0.0,0.0,nan,0.0,0.0
p_serv_cap_out_ratio_1,1.85421590887e-14,-2.83403416765e-08,8.51537820067e-16,0.0015225401999,-0.000734862380395,8.51537820067e-16,0.0,-1.60329594826e-05,0.0,-3.26833802122e-05,-7.96386760738e-06,-5.05036666203e-06,-6.11691603112e-06,-0.000444567786915,nan,3.20975934229e-06,1.85421590887e-14,-0.000411881374175,-0.000603113231337,-0.000923099656149,nan,1.39483241355e-15,-9.79875793188e-05,8.51537820067e-16,-1.06208568469e-09,1.39483241355e-15,-4.37260829322e-05,0.00380003600974,0.0,-0.00144394619796,-0.00267078183858,4.07266461699e-07,-0.000974886046929,-1.70396024135e-05,-6.11694861112e-05,-0.00084046659273,-0.0457708876394,-3.04615216863e-06,1.39483241355e-15,1.85421590887e-14,nan,4.07266461699e-07,-8.68776725154e-06
p_serv_cap_out_ratio_2,0.0,0.0,0.0,0.0,0.0,0.0,0.0,0.0,0.0,0.0,0.0,0.0,0.0,0.0,nan,0.0,0.0,0.0,0.0,0.0,nan,0.0,0.0,0.0,0.0,0.0,0.0,0.0,0.0,0.0,0.0,0.0,0.0,0.0,0.0,0.0,0.0,0.0,0.0,0.0,nan,0.0,0.0
p_yield_tech_chg_mlt[1],0.0,0.0,0.0,0.0,0.0,0.0,0.0,0.0,0.0,0.0,0.0,0.0,0.0,0.0,nan,0.0,0.0,0.0,0.0,0.0,nan,0.0,0.0,0.0,0.0,0.0,0.0,0.0,0.0,0.0,0.0,0.0,0.0,0.0,0.0,0.0,0.0,0.0,0.0,0.0,nan,0.0,0.0
p_yield_tech_chg_mlt[2],0.0,0.0,0.0,0.0,0.0,0.0,0.0,0.0,0.0,0.0,0.0,0.0,0.0,0.0,nan,0.0,0.0,0.0,0.0,0.0,nan,0.0,0.0,0.0,0.0,0.0,0.0,0.0,0.0,0.0,0.0,0.0,0.0,0.0,0.0,0.0,0.0,0.0,0.0,0.0,nan,0.0,0.0
p_yield_tech_chg_mlt[3],0.0,0.0,0.0,0.0,0.0,0.0,0.0,0.0,0.0,0.0,0.0,0.0,0.0,0.0,nan,0.0,0.0,0.0,0.0,0.0,nan,0.0,0.0,0.0,0.0,0.0,0.0,0.0,0.0,0.0,0.0,0.0,0.0,0.0,0.0,0.0,0.0,0.0,0.0,0.0,nan,0.0,0.0
p_yield_tech_chg_mlt[4],0.0,0.0,0.0,0.0,0.0,0.0,0.0,0.0,0.0,0.0,0.0,0.0,0.0,0.0,nan,0.0,0.0,0.0,0.0,0.0,nan,0.0,0.0,0.0,0.0,0.0,0.0,0.0,0.0,0.0,0.0,0.0,0.0,0.0,0.0,0.0,0.0,0.0,0.0,0.0,nan,0.0,0.0
perc_food_ratio_init,1.6584971671e-09,-5.08523475346e-08,-4.12956671993e-11,0.00110745895397,-2.33455431729e-05,-4.12956671993e-11,0.0,-1.81422421319e-05,0.0,0.0282681455182,-3.0619701572e-07,-5.78303098709e-06,-7.03235836676e-06,-0.000616938080882,nan,1.79556869646e-07,1.6584971671e-09,-1.16706890751e-05,-0.00058776010921,-0.000534176171643,nan,1.47254450516e-12,-0.000109288971456,-4.12956671993e-11,2.70171376433e-06,1.47254450516e-12,-0.000129740425991,-1.67041262996e-06,0.0,-4.108800221e-05,-1.81937786124e-05,1.32261209568e-08,-2.97189405426e-05,-1.07240256713e-06,-0.000122568478792,0.000185223283116,-3.14451995786e-05,-3.73876897074e-06,1.47254450516e-12,1.6584971671e-09,nan,1.32261209568e-08,-9.96997020711e-06
pers_pollution_init,0.0,0.0499960036577,0.0,-1.28552153754e-05,1.72771464172e-07,0.0,0.0,-3.89771518539e-06,0.0,-1.58988407819e-05,3.0289463467e-07,-1.23376772867e-06,-1.49688922736e-06,1.77266891241e-06,nan,-1.10614257649e-07,0.0,1.03270312045e-07,2.82272678751e-06,5.21379967003e-06,nan,0.0,-2.36808525576e-05,0.0,-6.82240085549e-05,0.0,-1.73511722568e-05,-1.01821146423e-07,0.0,3.60942140551e-07,-2.0067471615e-06,1.54874122898e-10,2.31457104155e-07,-9.02730557785e-08,-1.96123635213e-05,2.86096930265e-05,1.05480344063e-06,-7.66385528573e-07,0.0,0.0,nan,1.54874122898e-10,-2.12437765828e-06
pop1_init,6.5220966562e-13,1.04988784534e-07,4.2900475375e-13,-0.00703803642682,-0.0197079365844,4.2900475375e-13,0.0,0.0428120010798,0.0,-0.0075060395853,9.77945269616e-05,-0.000360746292797,-0.000624716626265,0.00158196493552,nan,-4.52237835108e-05,6.5220966562e-13,-0.00538941179385,0.00201540770305,0.00278875199174,nan,2.11018217993e-13,-0.00988656347446,4.2900475375e-13,-4.23868845999e-07,2.11018217993e-13,-0.0104263003212,0.000604070823221,0.0,-0.0194544164547,-0.00126604827358,1.54029313572e-07,-0.0196264030451,0.00178072540661,-0.0102382437532,0.0104382972035,-0.0184823311029,0.00239372733619,2.11018217993e-13,6.5220966562e-13,nan,1.54029313572e-07,0.0183856082405
pop2_init,7.69499602181e-13,1.26514698525e-07,4.92870090255e-13,-0.0234360307288,-0.0216073680872,4.92870090255e-13,0.0,0.00358873540799,0.0,-0.00863168088098,0.000114936296562,0.00485563019151,-0.000318991530326,0.00191780176799,nan,-5.29867136351e-05,7.69499602181e-13,-0.00603801525742,0.00246696494684,0.00346948394025,nan,2.41903792864e-13,-0.0113210519141,4.92870090255e-13,-4.78402781252e-07,2.41903792864e-13,-0.0115743678363,0.00070387166002,0.0,-0.0217692584709,-0.00139238633047,2.8219062085e-08,-0.021664416439,0.00205047194525,-0.0114845317222,0.0123481688514,-0.0206785520469,0.0468753231829,2.41903792864e-13,7.69499602181e-13,nan,2.8219062085e-08,0.0223935469945
pop3_init,-2.30483349603e-13,3.40885333186e-08,-1.7780109683e-13,-0.00630840700747,-0.00575991351089,-1.7780109683e-13,0.0,-0.000481928555773,0.0,-0.00221246472758,2.95954799218e-05,0.0442247557112,0.00642099186715,0.000514599633055,nan,-1.36203276686e-05,-2.30483349603e-13,-0.001553198411,0.000657517617576,0.000914175907148,nan,-8.54833007734e-14,-0.00291046752131,-1.7780109683e-13,-1.25629618328e-07,-8.54833007734e-14,-0.00308025019367,0.000179597956188,0.0,-0.00561106351423,-0.000355736918079,5.36946692917e-09,-0.00571030202637,0.000520945943923,-0.003021414925,0.00315632408958,-0.0053295434206,-9.80322563385e-05,-8.54833007734e-14,-2.30483349603e-13,nan,5.36946692917e-09,0.00533909469664
pop4_init,-5.17886815478e-13,9.69781845836e-09,-3.51514812123e-13,-0.000595466762126,-0.00181757669022,-3.51514812123e-13,0.0,-0.000147460076538,0.0,-0.000674893515388,8.793392838e-06,-4.69261260714e-05,0.0429182956403,0.000145701689376,nan,-4.05954669152e-06,-5.17886815478e-13,-0.000486821838617,0.000184739491073,0.000253508654885,nan,-1.70767339773e-13,-0.000890153029935,-3.51514812123e-13,-3.87691648929e-08,-1.70767339773e-13,-0.000959079755437,5.38929278053e-05,0.0,-0.00175938273045,-0.000113701365534,1.42562476074e-08,-0.00179831268116,0.000158114244457,-0.000935199263114,0.000934208367309,-0.00167103454674,-3.00541208733e-05,-1.70767339773e-13,-5.17886815478e-13,nan,1.42562476074e-08,0.00156712623314
pot_arable_land_init,1.74627467019e-08,-3.35153588968e-07,-4.35632783526e-10,0.0235949609946,-0.000167181486377,-4.35632783526e-10,0.0,-0.000214640874909,0.0,-0.00125471107531,0.00353067099719,-6.77691653928e-05,-8.21533255198e-05,-0.00508107916123,nan,0.0486972031554,1.74627467019e-08,-0.000148862466973,-0.0065770466082,-0.0093513411863,nan,6.94586689594e-12,-0.00130814369065,-4.35632783526e-10,-5.36562008759e-08,6.94586689594e-12,-0.000743378960474,-1.60713442146e-05,0.0,-0.000515126598453,-0.000217611540749,1.55836991927e-07,-0.00027094377361,-1.04925528062e-05,-0.000945990283267,-0.0328723715265,-0.000428930708829,-4.14684585465e-05,6.94586689594e-12,1.74627467019e-08,nan,1.55836991927e-07,-0.000116635277329
pot_arable_land_tot,2.73762720422e-07,2.3117002905e-07,-6.97904609815e-09,-0.0175456178143,0.000124628370911,-6.97904609815e-09,0.0,0.000175325910506,0.0,0.00102643784848,-0.00227088032826,5.53480107205e-05,6.70934642231e-05,0.00383046371686,nan,0.000892587488041,2.73762720422e-07,0.000110907228978,0.00496571564059,0.00707903806901,nan,1.04385073333e-10,0.0010686030108,-6.97904609815e-09,4.36129022702e-08,1.04385073333e-10,0.000600614231461,1.24475966949e-05,0.0,0.000383760159207,0.000173724178907,-1.16912013657e-07,0.000201552873754,8.11611334388e-06,0.000767186237942,0.0250500707682,0.000315699630617,3.38422619034e-05,1.04385073333e-10,2.73762720422e-07,nan,-1.16912013657e-07,9.52569045789e-05
ppoll_in_1970,0.0,-9.45487907403e-11,0.0,1.22435059721e-05,-1.64546299641e-07,0.0,0.0,3.7122784498e-06,0.0,1.51424449647e-05,-2.88482045936e-07,1.17506939329e-06,1.42567270804e-06,-1.68829855239e-06,nan,1.05350497145e-07,0.0,-9.83548318648e-08,-2.68839099877e-06,-4.96570554614e-06,nan,0.0,2.25541869859e-05,0.0,6.498059713e-05,0.0,1.65253155182e-05,9.69757563607e-08,0.0,-3.43761824481e-07,1.91127553743e-06,-1.47504450085e-10,-2.20438768001e-07,8.59770661707e-08,1.86790150619e-05,-2.72486880157e-05,-1.00460313589e-06,7.29922402031e-07,0.0,0.0,nan,-1.47504450085e-10,2.02330788435e-06
ppoll_tech_init,0.05,1.31933454371e-15,0.05,-8.27629969713e-16,-1.32185472612e-14,-3.91707397231e-15,0.05,-1.80393603485e-16,0.0,0.0,0.0,0.0,1.19585478396e-16,7.48260386083e-15,nan,0.0,1.3583209565e-14,0.0,0.0,-6.18514389303e-16,nan,-2.7896648271e-15,7.92411916422e-16,-3.91707397231e-15,0.0,-2.7896648271e-15,-3.55585064146e-15,0.0,0.0,-3.03840416847e-16,0.0,0.0,6.51479703302e-16,-1.12430513804e-16,3.87273633399e-16,-3.46390001805e-16,-7.97931069817e-16,0.0,0.05,1.3583209565e-14,nan,0.0,-5.8698510071e-16
ppoll_trans_del,1.61177308657e-07,-1.05979908603e-05,-4.16942175544e-09,5.73080876748e-08,1.86532245164e-07,-4.16942175544e-09,0.0,-3.08569933325e-10,0.0,-3.19180987893e-09,-3.64657118215e-12,-7.27974523204e-11,-7.80559530442e-11,-0.131572188113,nan,1.89149093245e-12,1.61177308657e-07,1.17740302287e-09,-0.0887181778719,-0.0443304335342,nan,6.35951920164e-11,-2.18110304579e-09,-4.16942175544e-09,2.41505571461e-09,6.35951920164e-11,1.36976686262e-07,-1.2314390164e-10,0.0,3.14400922255e-09,1.61751755903e-10,-6.55706122186e-13,-1.33684313959e-08,5.40067843193e-11,2.73559793154e-09,1.50244565892e-08,4.20287529784e-09,-2.43299303255e-11,6.35951920164e-11,1.61177308657e-07,nan,-6.55706122186e-13,-1.47845111286e-10
processing_loss,7.58934883631e-14,3.78191744685e-08,3.72973565189e-14,-0.00246507189106,-5.3425736984e-06,3.72973565189e-14,0.0,-0.000381982646041,0.0,-0.00211762864202,4.08172859935e-05,-0.000121524903517,-0.000147682037772,0.000572086696661,nan,-1.6130597084e-05,7.58934883631e-14,2.81955951561e-06,0.000733484881985,0.00102607721262,nan,1.93283920164e-14,-0.0023068045005,3.72973565189e-14,-1.19593274375e-07,1.93283920164e-14,-0.00244291324755,-1.80807822117e-05,0.0,9.17809600294e-06,-0.000284546598365,2.91871119259e-08,-1.85609913249e-06,-1.15088587226e-05,-0.00239526835408,0.00375397317196,0.000153348644506,-7.77039704886e-05,1.93283920164e-14,7.58934883631e-14,nan,2.91871119259e-08,-0.00020943229139
reproductive_lifetime,0.0,-2.15588056008e-09,0.0,0.000300505730363,0.000596062541835,0.0,0.0,-0.00532672232229,0.0,0.000500924184722,-5.94225446872e-06,2.56276130702e-05,3.8456468322e-05,-3.89021272535e-05,nan,2.73517476316e-06,0.0,0.000338959473874,-6.29770772291e-05,-0.000119376683457,nan,0.0,0.000617727217741,0.0,2.03264393225e-08,0.0,0.000317121161814,-3.77527427656e-05,0.0,0.00118770898687,7.78305540304e-05,-6.5372507159e-09,0.000795133728879,-0.000106460568791,0.000419239326909,-0.000714369912837,0.00112137084484,-0.000142734338646,0.0,0.0,nan,-6.5372507159e-09,-0.00222402018404
res_tech_init,1.3583209565e-14,1.31933454371e-15,-3.91707397231e-15,-8.27629969713e-16,-1.32185472612e-14,-3.91707397231e-15,0.0,-1.80393603485e-16,0.05,0.0,0.0,0.0,1.19585478396e-16,7.48260386083e-15,nan,0.0,0.05,0.0,0.0,-6.18514389303e-16,nan,0.05,7.92411916422e-16,0.05,0.0,-2.7896648271e-15,-3.55585064146e-15,0.0,0.0,-3.03840416847e-16,0.0,0.0,6.51479703302e-16,-1.12430513804e-16,3.87273633399e-16,-3.46390001805e-16,-7.97931069817e-16,0.0,-2.7896648271e-15,1.3583209565e-14,nan,0.0,-5.8698510071e-16
service_capital_init,1.52420903586e-06,-8.64594039686e-08,-3.88926131652e-08,0.00213585100527,0.000696132079733,-3.88926131652e-08,0.0,1.57232179704e-05,0.0,3.08479359815e-05,7.53644366846e-06,4.95338336115e-06,5.99973117679e-06,0.00042051959502,nan,-3.03746905685e-06,1.52420903586e-06,0.000389372778797,0.000570542155302,0.000872776681285,nan,5.82457705963e-10,9.60821263029e-05,-3.88926131652e-08,7.59117002862e-10,5.82457705963e-10,4.45760088516e-05,0.0435776826279,0.0,0.00136505865386,0.00270899153232,-3.85054692036e-07,0.000921787003567,1.61209285415e-05,6.03347220018e-05,0.000795123316795,0.0466225112482,2.9893003429e-06,5.82457705963e-10,1.52420903586e-06,nan,-3.85054692036e-07,8.5209036601e-06
social_adj_del,5.08184522931e-13,-8.10791046861e-14,3.20007912781e-13,0.0,-0.131561143474,3.20007912781e-13,0.0,3.24708486273e-15,0.0,9.34618333652e-15,9.24285703553e-16,4.71691070399e-15,6.57720131179e-15,5.19020613256e-13,nan,-8.30694304983e-16,5.08184522931e-13,3.31045493437e-16,3.31294942176e-13,1.66071113528e-13,nan,1.56619753864e-13,1.60633215629e-13,3.20007912781e-13,1.89736797107e-16,1.56619753864e-13,5.08241410651e-13,6.34319881525e-16,0.0,-0.0443063946062,7.26674595431e-15,0.0,-0.0887017464199,1.57402719325e-15,3.26858946588e-13,1.45483800758e-14,1.69320973015e-13,1.52030391536e-15,1.56619753864e-13,5.08184522931e-13,nan,0.0,2.49468667802e-15
social_discount,1.3583209565e-14,4.50675168928e-08,-3.91707397231e-15,-0.00303633836202,2.17756715006e-05,-3.91707397231e-15,0.0,3.51793712012e-05,0.0,0.000206269846367,-0.000273598903047,1.11048445067e-05,1.3460931351e-05,0.000685722231109,nan,0.000107496573764,1.3583209565e-14,1.93589126804e-05,0.000887582510088,0.00126203311035,nan,-2.7896648271e-15,0.00021444473545,-3.91707397231e-15,8.73151227581e-09,-2.7896648271e-15,0.00011956644028,2.31870662415e-06,0.0,6.69925947957e-05,3.37263800247e-05,-2.06594519666e-08,3.52663979822e-05,1.50910623457e-06,0.000153210548585,0.00444343062814,5.39599612222e-05,6.78660755963e-06,-2.7896648271e-15,1.3583209565e-14,nan,-2.06594519666e-08,1.91115803129e-05
subsist_food_pc,-1.05215972503e-13,4.11275125831e-09,-8.15773231624e-14,4.63292794959e-05,0.000528487010234,-8.15773231624e-14,0.0,-0.00360757844737,0.0,-0.020147062775,-5.2252775358e-06,-0.00114713847446,-0.00139357554696,5.74323515768e-05,nan,2.38975532476e-06,-1.05215972503e-13,0.000302025236159,6.36308512447e-05,6.49632478568e-05,nan,-4.02508782196e-14,-0.0218215617556,-8.15773231624e-14,-1.09669644778e-06,-4.02508782196e-14,-0.0220736658799,-3.32013549194e-05,0.0,0.00105810950816,7.39907911926e-05,-7.52719222754e-09,0.000706293293032,-9.42255333217e-05,-0.0219883433517,-0.000705967835,0.00099746639046,-0.000730484391061,-4.02508782196e-14,-1.05215972503e-13,nan,-7.52719222754e-09,-0.00197636837074
t_air_poll_time,0.0,0.0,0.0,0.0,0.0,0.0,0.0,0.0,0.0,0.0,0.0,0.0,0.0,0.0,nan,0.0,0.0,0.0,0.0,0.0,nan,0.0,0.0,0.0,0.0,0.0,0.0,0.0,0.0,0.0,0.0,0.0,0.0,0.0,0.0,0.0,0.0,0.0,0.0,0.0,nan,0.0,0.0
t_fcaor_time,0.0,0.0,0.0,0.0,0.0,0.0,0.0,0.0,0.0,0.0,0.0,0.0,0.0,0.0,nan,0.0,0.0,0.0,0.0,0.0,nan,0.0,0.0,0.0,0.0,0.0,0.0,0.0,0.0,0.0,0.0,0.0,0.0,0.0,0.0,0.0,0.0,0.0,0.0,0.0,nan,0.0,0.0
t_fert_cont_eff_time,0.0,0.0,0.0,0.0,0.0,0.0,0.0,0.0,0.0,0.0,0.0,0.0,0.0,0.0,nan,0.0,0.0,0.0,0.0,0.0,nan,0.0,0.0,0.0,0.0,0.0,0.0,0.0,0.0,0.0,0.0,0.0,0.0,0.0,0.0,0.0,0.0,0.0,0.0,0.0,nan,0.0,0.0
t_ind_equil_time,0.0,0.0,0.0,0.0,0.0,0.0,0.0,0.0,0.0,0.0,0.0,0.0,0.0,0.0,nan,0.0,0.0,0.0,0.0,0.0,nan,0.0,0.0,0.0,0.0,0.0,0.0,0.0,0.0,0.0,0.0,0.0,0.0,0.0,0.0,0.0,0.0,0.0,0.0,0.0,nan,0.0,0.0
t_land_life_time,0.0,0.0,0.0,0.0,0.0,0.0,0.0,0.0,0.0,0.0,0.0,0.0,0.0,0.0,nan,0.0,0.0,0.0,0.0,0.0,nan,0.0,0.0,0.0,0.0,0.0,0.0,0.0,0.0,0.0,0.0,0.0,0.0,0.0,0.0,0.0,0.0,0.0,0.0,0.0,nan,0.0,0.0
t_policy_year,0.0,0.0,0.0,0.0,0.0,0.0,0.0,0.0,0.0,0.0,0.0,0.0,0.0,0.0,nan,0.0,0.0,0.0,0.0,0.0,nan,0.0,0.0,0.0,0.0,0.0,0.0,0.0,0.0,0.0,0.0,0.0,0.0,0.0,0.0,0.0,0.0,0.0,0.0,0.0,nan,0.0,0.0
t_pop_equil_time,0.0,0.0,0.0,0.0,0.0,0.0,0.0,0.0,0.0,0.0,0.0,0.0,0.0,0.0,nan,0.0,0.0,0.0,0.0,0.0,nan,0.0,0.0,0.0,0.0,0.0,0.0,0.0,0.0,0.0,0.0,0.0,0.0,0.0,0.0,0.0,0.0,0.0,0.0,0.0,nan,0.0,0.0
t_zero_pop_grow_time,0.0,0.0,0.0,0.0,0.0,0.0,0.0,0.0,0.0,0.0,0.0,0.0,0.0,0.0,nan,0.0,0.0,0.0,0.0,0.0,nan,0.0,0.0,0.0,0.0,0.0,0.0,0.0,0.0,0.0,0.0,0.0,0.0,0.0,0.0,0.0,0.0,0.0,0.0,0.0,nan,0.0,0.0
tech_dev_del_TDD,-0.131556566576,-5.99697519868e-16,-0.0886945051292,-8.27629969713e-16,-1.70188795988e-14,-0.0886945051292,0.0,3.6078720697e-16,0.0,0.0,1.32040814793e-16,6.08633639225e-16,1.19585478396e-16,1.00334915407e-14,nan,0.0,-0.131556566576,0.0,4.5419467879e-15,1.39165737593e-15,nan,-0.0442948788359,7.92411916422e-16,-0.0886945051292,0.0,-0.0442948788359,-2.08446416913e-15,0.0,0.0,3.94992541901e-15,0.0,0.0,4.69065386377e-15,0.0,2.71091543379e-15,5.19585002708e-16,3.19172427927e-16,1.68922657263e-16,-0.0442948788359,-0.131556566576,nan,0.0,0.0
urb_ind_land_dev_time,0.0,-4.33809191922e-12,0.0,3.60522384158e-06,-1.8103405388e-08,0.0,0.0,1.18875320609e-07,0.0,7.06108502865e-07,4.18742476216e-06,3.7496807452e-08,4.5439403182e-08,-7.85792633878e-08,nan,6.4986172854e-09,0.0,-1.76806943828e-08,-1.28042490787e-07,-2.45195633562e-07,nan,0.0,7.25302487374e-07,0.0,2.86965521417e-11,0.0,3.75848341179e-07,2.6888048022e-09,0.0,-6.10346662666e-08,8.17219443445e-08,1.05745738535e-11,-3.04175257172e-08,-0.000458406795796,4.95107590045e-07,-1.23625481205e-06,-8.72525095731e-08,2.28104323402e-08,0.0,0.0,nan,1.05745738535e-11,6.45220481004e-08
urban_ind_land_init,0.0,-4.61292129862e-11,0.0,3.76571843986e-05,-1.92219662431e-07,0.0,0.0,1.24072676004e-06,0.0,7.36156224773e-06,4.30226085085e-05,3.91416248135e-07,4.7435172693e-07,-8.34104090704e-07,nan,6.78767572717e-08,0.0,-1.8618956878e-07,-1.35452834483e-06,-2.58011693359e-06,nan,0.0,7.56884451408e-06,0.0,3.01461412716e-10,0.0,3.97674290211e-06,2.8294470098e-08,0.0,-6.42872785215e-07,8.52343659686e-07,1.11429745982e-10,-3.21944786023e-07,0.0447856254458,5.21156865153e-06,-1.28889716833e-05,-9.18872846118e-07,2.38315344647e-07,0.0,0.0,nan,1.11429745982e-10,6.73543637217e-07
yield_tech_init,1.3583209565e-14,1.31933454371e-15,-3.91707397231e-15,-8.27629969713e-16,-1.32185472612e-14,0.05,0.0,-1.80393603485e-16,0.0,0.0,0.0,0.0,1.19585478396e-16,7.48260386083e-15,nan,0.0,1.3583209565e-14,0.0,0.0,-6.18514389303e-16,nan,-2.7896648271e-15,7.92411916422e-16,-3.91707397231e-15,0.0,0.05,-3.55585064146e-15,0.0,0.05,-3.03840416847e-16,0.0,0.0,6.51479703302e-16,-1.12430513804e-16,3.87273633399e-16,-3.46390001805e-16,-7.97931069817e-16,0.0,-2.7896648271e-15,0.05,nan,0.0,-5.8698510071e-16